"disc_method","class_method","data","mean_NB_interval","std_NB_interval","SE_NB_interval","mean_exetimepervar","std_exetimepervar","SE_exetimepervar","mean_acc","std_acc","SE_acc","mean_F1","std_F1","SE_F1","mean_Kappa","std_Kappa","SE_Kappa"
"AMEVA","Boosting","TEST",3.66648566681856,0.0286603282315407,0.00906319156996942,0.704531060285156,0.0400124532637132,0.0126530487084372,0.775333125919335,0.00266199420019861,0.000841796479078585,0.722805441881005,0.00609632514948319,0.00192782728293334,0.568447587225921,0.00915105295739353,0.00289381703341833
"AMEVA","CART","TEST",3.66648566681856,0.0286603282315407,0.00906319156996942,0.704531060285156,0.0400124532637132,0.0126530487084372,0.78858824955001,0.00408653265732154,0.00129227509297964,0.726107899447856,0.0058055689638106,0.00183588210388251,0.571539454634605,0.00707591964156503,0.00223760226076677
"AMEVA","KNNC","TEST",3.66648566681856,0.0286603282315407,0.00906319156996942,0.704531060285156,0.0400124532637132,0.0126530487084372,0.882647216397174,0.00869788080221349,0.00275051141516471,0.848477595486033,0.00799606052106343,0.00252857635551132,0.74688390851015,0.0118484294101557,0.00374680236318172
"AMEVA","NaiveBayes","TEST",3.66648566681856,0.0286603282315407,0.00906319156996942,0.704531060285156,0.0400124532637132,0.0126530487084372,0.800931746190872,0.0040637173073044,0.00128506024581283,0.743548557665029,0.00421659700376473,0.00133340505069381,0.58954565225411,0.00723949649332837,0.00228932980317196
"AMEVA","RF","TEST",3.66648566681856,0.0286603282315407,0.00906319156996942,0.704531060285156,0.0400124532637132,0.0126530487084372,0.826761306165634,0.00529794328063669,0.00167535676811966,0.770605350256071,0.00567915143649048,0.0017959053716327,0.627567742278606,0.0083366843921885,0.00263629108132921
"AMEVA","SVM","TEST",3.66648566681856,0.0286603282315407,0.00906319156996942,0.704531060285156,0.0400124532637132,0.0126530487084372,0.81086027484434,0.00232057632494762,0.000733830667109749,0.742807794368513,0.00479391819960468,0.00151597004272845,0.59738256153346,0.00626668290357487,0.00198169913493339
"CACC","Boosting","TEST",11.3243624764855,1.33450662074886,0.422008047414091,5.92109403125638,1.67929305740905,0.531039092032049,0.777742965754292,0.00488264396641415,0.00154402759375474,0.727685249525135,0.00481724392698902,0.00152334628538992,0.575579060004053,0.0088072277821803,0.00278508996636031
"CACC","CART","TEST",11.3243624764855,1.33450662074886,0.422008047414091,5.92109403125638,1.67929305740905,0.531039092032049,0.781084414528305,0.0043577996164487,0.00137805723745861,0.721033994117771,0.00524396553215973,0.00165828750530417,0.558727409762687,0.00953392234218238,0.00301489096364635
"CACC","KNNC","TEST",11.3243624764855,1.33450662074886,0.422008047414091,5.92109403125638,1.67929305740905,0.531039092032049,0.895312332291355,0.00760420032246291,0.00240465928031697,0.865722820581066,0.00664363257242031,0.00210090108661317,0.775618144059372,0.00914556647127928,0.00289208205417114
"CACC","NaiveBayes","TEST",11.3243624764855,1.33450662074886,0.422008047414091,5.92109403125638,1.67929305740905,0.531039092032049,0.800227152008705,0.00327996478340203,0.00103721593606913,0.742297326572568,0.00526882560091184,0.00166614894930867,0.586453450969668,0.00688492975805758,0.0021772059565734
"CACC","RF","TEST",11.3243624764855,1.33450662074886,0.422008047414091,5.92109403125638,1.67929305740905,0.531039092032049,0.823546932286147,0.00372035567857935,0.0011764797650252,0.762217128129825,0.00570557372841588,0.00180426083398131,0.613680956517073,0.00794588745568249,0.00251271023913169
"CACC","SVM","TEST",11.3243624764855,1.33450662074886,0.422008047414091,5.92109403125638,1.67929305740905,0.531039092032049,0.802853419092461,0.00318431427312771,0.00100696858888671,0.73003791488613,0.00490235156841017,0.00155025968470749,0.575665553647062,0.00754258439624308,0.00238517461361741
"CAIM","Boosting","TEST",3.31015238095238,0.0014798025255699,0.000467954646807043,0.670918444601087,0.0432069146695866,0.0136632261024435,0.771101689847892,0.00423769843305964,0.0013400779085395,0.71252770213025,0.00467158180977054,0.00147728387946863,0.555896639275349,0.00741552971123928,0.00234499639441668
"CAIM","CART","TEST",3.31015238095238,0.0014798025255699,0.000467954646807043,0.670918444601087,0.0432069146695866,0.0136632261024435,0.78885105030328,0.00551230057699569,0.00174314249707667,0.721032037852798,0.00725533236389926,0.00229433754514553,0.567039546928062,0.0102770669390592,0.00324989391934419
"CAIM","KNNC","TEST",3.31015238095238,0.0014798025255699,0.000467954646807043,0.670918444601087,0.0432069146695866,0.0136632261024435,0.867183685745402,0.00854430845851221,0.00270194757599409,0.825725467528125,0.00827683078105915,0.00261736370759373,0.707650042015328,0.0130084307686953,0.0041136270013692
"CAIM","NaiveBayes","TEST",3.31015238095238,0.0014798025255699,0.000467954646807043,0.670918444601087,0.0432069146695866,0.0136632261024435,0.799328083813072,0.00391837721705062,0.00123909967375919,0.73903118928432,0.00509686275368155,0.00161176952229115,0.582810772507325,0.00791347941054952,0.00250246191541832
"CAIM","RF","TEST",3.31015238095238,0.0014798025255699,0.000467954646807043,0.670918444601087,0.0432069146695866,0.0136632261024435,0.822956002710632,0.0035343063285695,0.0011176457947027,0.761359411282021,0.00523450512337014,0.00165529586136703,0.61638098325504,0.00721799283618721,0.00228252974971302
"CAIM","SVM","TEST",3.31015238095238,0.0014798025255699,0.000467954646807043,0.670918444601087,0.0432069146695866,0.0136632261024435,0.80934095407561,0.00390401658664369,0.00123455844368701,0.73819778855762,0.00567590734970141,0.00179487950131463,0.592416335223524,0.00902674824961805,0.00285450843337312
"Chi2","Boosting","TEST",32.324686099646,0.631521838301031,0.199704740116782,26.0346965332173,1.90249796889673,0.601622682555785,0.785778222510197,0.00679183791484876,0.00214776773096108,0.738482647364993,0.00639121588418194,0.00202107992118618,0.594330792616135,0.010076747815299,0.00318654745034705
"Chi2","CART","TEST",32.324686099646,0.631521838301031,0.199704740116782,26.0346965332173,1.90249796889673,0.601622682555785,0.78182959992632,0.00481349769405666,0.00152216162251874,0.723228507356214,0.00558387504073915,0.00176577632985012,0.562984161264374,0.00772689863718537,0.00244345989427568
"Chi2","KNNC","TEST",32.324686099646,0.631521838301031,0.199704740116782,26.0346965332173,1.90249796889673,0.601622682555785,0.917747334811445,0.00488457413264438,0.00154463796590977,0.889777659662294,0.00759588035208407,0.00240202827467074,0.815758145364962,0.0111271421328213,0.0035187112988139
"Chi2","NaiveBayes","TEST",32.324686099646,0.631521838301031,0.199704740116782,26.0346965332173,1.90249796889673,0.601622682555785,0.803024489691872,0.00443592564128928,0.00140276285576172,0.747777598678457,0.00556329110907739,0.00175926711912488,0.594953574965507,0.00938072522249891,0.00296644578072864
"Chi2","RF","TEST",32.324686099646,0.631521838301031,0.199704740116782,26.0346965332173,1.90249796889673,0.601622682555785,0.828348306653558,0.00373764947014863,0.00118194854209912,0.773785387960027,0.00431060964207696,0.00136313445728464,0.63397686674103,0.00694753223988392,0.00219700259954845
"Chi2","SVM","TEST",32.324686099646,0.631521838301031,0.199704740116782,26.0346965332173,1.90249796889673,0.601622682555785,0.796666047335381,0.00457436581939216,0.00144654148401017,0.716626735542046,0.0043826744188818,0.00138592334066214,0.552558345002639,0.00828505851087015,0.00261996554421126
"ChiMerge","Boosting","TEST",29.0438908615507,0.335296686136686,0.106030122009853,23.8204142555239,1.85208235515221,0.585679865648986,0.782660562645158,0.0045186727653396,0.00142892979394447,0.734856888377467,0.00506148726505458,0.00160058281055089,0.588930106446029,0.00642695834057665,0.00203238267832384
"ChiMerge","CART","TEST",29.0438908615507,0.335296686136686,0.106030122009853,23.8204142555239,1.85208235515221,0.585679865648986,0.779322782373007,0.00437406713176905,0.00138320147748701,0.721207135461857,0.00562984858855556,0.00178031444217197,0.560225253124049,0.00775323988054432,0.00245178972681719
"ChiMerge","KNNC","TEST",29.0438908615507,0.335296686136686,0.106030122009853,23.8204142555239,1.85208235515221,0.585679865648986,0.908958717787886,0.00570249056004717,0.00180328585053582,0.88061065160632,0.00648977746050756,0.00205224782828273,0.800908823467799,0.0099840046828276,0.00315721949675222
"ChiMerge","NaiveBayes","TEST",29.0438908615507,0.335296686136686,0.106030122009853,23.8204142555239,1.85208235515221,0.585679865648986,0.800475043259452,0.00448700531069016,0.00141891566550524,0.746168269306864,0.00614458015211098,0.00194308685461346,0.589881323614044,0.010110141096229,0.00319710733297552
"ChiMerge","RF","TEST",29.0438908615507,0.335296686136686,0.106030122009853,23.8204142555239,1.85208235515221,0.585679865648986,0.825776319988208,0.00391152786495729,0.00123693371844805,0.770634709463765,0.00561253852947787,0.00177484052086021,0.628258040252351,0.00789092997468505,0.00249533115768996
"ChiMerge","SVM","TEST",29.0438908615507,0.335296686136686,0.106030122009853,23.8204142555239,1.85208235515221,0.585679865648986,0.795332830756459,0.00382554487461768,0.00120974350949751,0.717622233962672,0.00444743192491942,0.00140640146212923,0.551738258060225,0.00660822853345899,0.00208970534646446
"ClusterDisc","Boosting","TEST",2.97952380952381,0.00150584650484196,0.000476190476190437,0.00117068113205514,0.000258844340525333,8.18537675504278e-05,0.755956737390637,0.00527878861234275,0.00166929953015627,0.685953311462804,0.00649725885721099,0.00205461365364894,0.508951139809486,0.00928693697515887,0.00293678733279366
"ClusterDisc","CART","TEST",2.97952380952381,0.00150584650484196,0.000476190476190437,0.00117068113205514,0.000258844340525333,8.18537675504278e-05,0.780517851823451,0.00603653682862801,0.0019089205557954,0.694221117229659,0.00813797838889431,0.00257345472581335,0.522967686268502,0.0142616188435728,0.00450991986668666
"ClusterDisc","KNNC","TEST",2.97952380952381,0.00150584650484196,0.000476190476190437,0.00117068113205514,0.000258844340525333,8.18537675504278e-05,0.876471395628763,0.00390669099538346,0.00123540416598821,0.829186556807347,0.00773503791087927,0.0024460337586129,0.723768493475395,0.00960990064278374,0.00303891741191128
"ClusterDisc","NaiveBayes","TEST",2.97952380952381,0.00150584650484196,0.000476190476190437,0.00117068113205514,0.000258844340525333,8.18537675504278e-05,0.787253914374382,0.0018917684613761,0.000598229714362074,0.718041081663541,0.0040166111374157,0.00127016396694332,0.550465076151464,0.00493322827278627,0.00156002375595431
"ClusterDisc","RF","TEST",2.97952380952381,0.00150584650484196,0.000476190476190437,0.00117068113205514,0.000258844340525333,8.18537675504278e-05,0.812046293425551,0.00496265649360373,0.00156932977648126,0.730825213617601,0.00694676795978171,0.00219676091295912,0.567213697497666,0.0104623707469168,0.00330849212853741
"ClusterDisc","SVM","TEST",2.97952380952381,0.00150584650484196,0.000476190476190437,0.00117068113205514,0.000258844340525333,8.18537675504278e-05,0.804205036114648,0.00379978809907758,0.00120159850190867,0.71196968745618,0.00576853800679661,0.00182417188707252,0.546464552776759,0.00880037747951025,0.00278292371045042
"EqualLength","Boosting","TEST",4.99285714285714,0.00752923252421045,0.00238095238095239,0.00167447297932036,0.00011942730448806,3.77662296996719e-05,0.754944635391226,0.00508659422894524,0.00160852232965349,0.677686693725512,0.00551555801962465,0.00174417259088216,0.493831253376095,0.00950952698232782,0.00300717647349837
"EqualLength","CART","TEST",4.99285714285714,0.00752923252421045,0.00238095238095239,0.00167447297932036,0.00011942730448806,3.77662296996719e-05,0.778473308031788,0.00636869633925277,0.00201395861580152,0.685524976153078,0.00917959215230843,0.00290284191927019,0.509341408848909,0.0151650494147353,0.00479560969795671
"EqualLength","KNNC","TEST",4.99285714285714,0.00752923252421045,0.00238095238095239,0.00167447297932036,0.00011942730448806,3.77662296996719e-05,0.873983992414889,0.00295691810892142,0.000935059607878952,0.825994712419495,0.00494542320621536,0.00156388013250931,0.720156709261478,0.00534436869738005,0.00169003777394281
"EqualLength","NaiveBayes","TEST",4.99285714285714,0.00752923252421045,0.00238095238095239,0.00167447297932036,0.00011942730448806,3.77662296996719e-05,0.790989139600286,0.00772064279695373,0.00244148162389467,0.716971057901697,0.00749405849072696,0.0023698293749221,0.544849746032061,0.0140584322969712,0.00444566663897018
"EqualLength","RF","TEST",4.99285714285714,0.00752923252421045,0.00238095238095239,0.00167447297932036,0.00011942730448806,3.77662296996719e-05,0.814903360880021,0.00448397966129815,0.00141795887115725,0.727580633642464,0.00442076487808728,0.00139796860148324,0.560875822867326,0.00743292281239887,0.00235049657594049
"EqualLength","SVM","TEST",4.99285714285714,0.00752923252421045,0.00238095238095239,0.00167447297932036,0.00011942730448806,3.77662296996719e-05,0.785213416860166,0.00552001977044152,0.0017455835203755,0.658754580238152,0.00760709881280098,0.00240557586344139,0.478131024671578,0.0132234632124949,0.00418162623069309
"ExtendedChi2","Boosting","TEST",5.61897097887493,0.123750034891809,0.0391331970783424,28.2726183637391,1.93783770633182,0.612798088776506,0.771159423153509,0.00401026136913981,0.00126815599390671,0.71736149701934,0.00664845027534893,0.00210242457804762,0.56418836319899,0.00954657624710815,0.00301889247973242
"ExtendedChi2","CART","TEST",5.61897097887493,0.123750034891809,0.0391331970783424,28.2726183637391,1.93783770633182,0.612798088776506,0.788418147396894,0.00494272614416184,0.00156302724660132,0.723232440035168,0.00744446741764238,0.00235414730066619,0.572336523553933,0.0118818552008706,0.00375737252630685
"ExtendedChi2","KNNC","TEST",5.61897097887493,0.123750034891809,0.0391331970783424,28.2726183637391,1.93783770633182,0.612798088776506,0.863575531464185,0.00400113058198286,0.00126526858548209,0.822264573667653,0.00648400270068757,0.00205042168888558,0.709294461540084,0.0110515941734638,0.00349482093639916
"ExtendedChi2","NaiveBayes","TEST",5.61897097887493,0.123750034891809,0.0391331970783424,28.2726183637391,1.93783770633182,0.612798088776506,0.795688656093823,0.00529400418758325,0.00167411111752324,0.737502424063436,0.00775300648810637,0.00245171592164793,0.581351950448788,0.0116460312306061,0.00368279843901689
"ExtendedChi2","RF","TEST",5.61897097887493,0.123750034891809,0.0391331970783424,28.2726183637391,1.93783770633182,0.612798088776506,0.819902189799015,0.00319510663958009,0.00101038143481998,0.759361669869256,0.00411138551804488,0.00130013425760531,0.617516261911461,0.00524027753563142,0.00165712125840095
"ExtendedChi2","SVM","TEST",5.61897097887493,0.123750034891809,0.0391331970783424,28.2726183637391,1.93783770633182,0.612798088776506,0.806993758052195,0.00269704040990853,0.00085287906368251,0.736576820061893,0.00580658637985764,0.00183620383908618,0.589967084798756,0.00683507709581275,0.00216144116056172
"ForestDisc","Boosting","TEST",6.76400945443446,0.14114660153483,0.0446344744842281,0.463390659530881,0.0115944717802415,0.00366649390921104,0.776206177964523,0.00348329777351908,0.00110151547329136,0.720761926124675,0.00595173458896138,0.0018821037329924,0.56583320571778,0.0109011297091573,0.0034472398949866
"ForestDisc","CART","TEST",6.76400945443446,0.14114660153483,0.0446344744842281,0.463390659530881,0.0115944717802415,0.00366649390921104,0.788779094492675,0.00399746627793024,0.00126410983079752,0.718774332413482,0.00555001796542785,0.00175506978256056,0.56051531881549,0.0111037931540972,0.00351132770343322
"ForestDisc","KNNC","TEST",6.76400945443446,0.14114660153483,0.0446344744842281,0.463390659530881,0.0115944717802415,0.00366649390921104,0.910609340301062,0.00251797072763905,0.000796252258097088,0.877437696397787,0.00722614945806348,0.0022851091000272,0.797431692391829,0.00925607355861821,0.00292702746352936
"ForestDisc","NaiveBayes","TEST",6.76400945443446,0.14114660153483,0.0446344744842281,0.463390659530881,0.0115944717802415,0.00366649390921104,0.804520130980504,0.00603763842525713,0.00190926891123648,0.745829609077147,0.00779218691693525,0.00246410586112806,0.592941838996238,0.0127922193723297,0.00404525495450914
"ForestDisc","RF","TEST",6.76400945443446,0.14114660153483,0.0446344744842281,0.463390659530881,0.0115944717802415,0.00366649390921104,0.831923384558071,0.00509937170329103,0.0016125629218212,0.768769985351106,0.00660000047058855,0.0020871034045243,0.626810845262115,0.0124288561119365,0.00393034940242242
"ForestDisc","SVM","TEST",6.76400945443446,0.14114660153483,0.0446344744842281,0.463390659530881,0.0115944717802415,0.00366649390921104,0.79712164537027,0.00321849576162049,0.00101777772463191,0.680948365651359,0.00595650734915067,0.00188361301228479,0.522404609728259,0.00878643818278825,0.00277851571778817
"GLMDisc","Boosting","TEST",2.82665314802157,0.0302366566483668,0.0095616703837312,9.30464102161455,0.512655794154338,0.162115996521014,0.734749126743563,0.00867299862714366,0.00274264298052874,0.665092280807397,0.0110639262972794,0.0034987206963636,0.484841357729154,0.0182237965938049,0.00576287048520419
"GLMDisc","CART","TEST",2.82665314802157,0.0302366566483668,0.0095616703837312,9.30464102161455,0.512655794154338,0.162115996521014,0.765479794883664,0.00480012688285416,0.00151793340076234,0.678670303636779,0.00595977400133141,0.00188464601840626,0.507453072655634,0.0108752184423907,0.00343904603298232
"GLMDisc","KNNC","TEST",2.82665314802157,0.0302366566483668,0.0095616703837312,9.30464102161455,0.512655794154338,0.162115996521014,0.840780991321756,0.00792939644013489,0.00250749532212572,0.791113781832982,0.00876622819949757,0.00277212475992092,0.673351357446836,0.0119811415476494,0.0037887696259447
"GLMDisc","NaiveBayes","TEST",2.82665314802157,0.0302366566483668,0.0095616703837312,9.30464102161455,0.512655794154338,0.162115996521014,0.770314095257883,0.0036061176391837,0.00114035452503297,0.701470432699847,0.00643997930179349,0.00203650026780083,0.527822155450526,0.00837031172363801,0.0026469249772306
"GLMDisc","RF","TEST",2.82665314802157,0.0302366566483668,0.0095616703837312,9.30464102161455,0.512655794154338,0.162115996521014,0.795416675568314,0.00371362626296487,0.00117435173695884,0.712848211473765,0.00660870164693164,0.00208985495808099,0.5483363849928,0.0100446805116621,0.00317640687855576
"GLMDisc","SVM","TEST",2.82665314802157,0.0302366566483668,0.0095616703837312,9.30464102161455,0.512655794154338,0.162115996521014,0.784759998600351,0.00343257137871076,0.00108547437878304,0.694211228600016,0.00703866584179588,0.00222582157489014,0.526624941315485,0.0108018759543,0.00341585310181928
"Infogain","Boosting","TEST",3.05461108058608,0.0148931240353683,0.00470961934271619,0.104802921567082,0.00231383973933489,0.000731700371690854,0.76936240684072,0.00600305255441425,0.00189833189856409,0.715018942025968,0.00754003853032013,0.00238436954012402,0.556298419132536,0.0137076776145265,0.00433474826932075
"Infogain","CART","TEST",3.05461108058608,0.0148931240353683,0.00470961934271619,0.104802921567082,0.00231383973933489,0.000731700371690854,0.786591441083256,0.00515171999860816,0.00162911690630413,0.723356322491242,0.00624896654589294,0.00197609673072168,0.566571836521761,0.00973791410169764,0.00307939882204371
"Infogain","KNNC","TEST",3.05461108058608,0.0148931240353683,0.00470961934271619,0.104802921567082,0.00231383973933489,0.000731700371690854,0.86499497073149,0.0104574260458896,0.00330692847677795,0.82704898642461,0.0115818338042142,0.00366249743028496,0.710566404859658,0.0160894638931885,0.00508793522335157
"Infogain","NaiveBayes","TEST",3.05461108058608,0.0148931240353683,0.00470961934271619,0.104802921567082,0.00231383973933489,0.000731700371690854,0.796231957628649,0.00318106651920795,0.00100594155892009,0.737752341362889,0.00486349226614204,0.00153797129436227,0.581116645043447,0.00774201832901572,0.00244824116064605
"Infogain","RF","TEST",3.05461108058608,0.0148931240353683,0.00470961934271619,0.104802921567082,0.00231383973933489,0.000731700371690854,0.821322381772727,0.00413820026512197,0.00130861382516981,0.7584143033177,0.00640483410662246,0.00202538638124567,0.608243758164057,0.0132371513850367,0.00418595481091684
"Infogain","SVM","TEST",3.05461108058608,0.0148931240353683,0.00470961934271619,0.104802921567082,0.00231383973933489,0.000731700371690854,0.80784269697076,0.00414547566747359,0.00131091450940233,0.738320930264847,0.00630351819010201,0.00199334747530246,0.589975915438053,0.0108085870882542,0.00341797534871706
"Logreg","Boosting","TEST",2.97728522588523,0.00826354121935857,0.00261316117918582,0.0108275083758829,0.000482326666409119,0.000152525084208904,0.756483987695805,0.00259355071496981,0.000820152748646277,0.688343283079242,0.00244518121948026,0.000773234194542571,0.51420232095265,0.00439531893164481,0.00138992188668555
"Logreg","CART","TEST",2.97728522588523,0.00826354121935857,0.00261316117918582,0.0108275083758829,0.000482326666409119,0.000152525084208904,0.782103473080487,0.00430326912203678,0.00136081318103093,0.703343908927139,0.00654795957303835,0.00207064662775049,0.536987777911297,0.00929931053914658,0.00294070019729116
"Logreg","KNNC","TEST",2.97728522588523,0.00826354121935857,0.00261316117918582,0.0108275083758829,0.000482326666409119,0.000152525084208904,0.875049677492291,0.00707208360999377,0.00223638920107262,0.832969766129373,0.00875739573399594,0.00276933168908692,0.715793037268893,0.0139703801280075,0.00441782209828583
"Logreg","NaiveBayes","TEST",2.97728522588523,0.00826354121935857,0.00261316117918582,0.0108275083758829,0.000482326666409119,0.000152525084208904,0.78503180148665,0.00406675337687007,0.00128602033530905,0.717129453190225,0.00664880983272817,0.00210253828007441,0.547627777407912,0.0102056741130567,0.00322731752546779
"Logreg","RF","TEST",2.97728522588523,0.00826354121935857,0.00261316117918582,0.0108275083758829,0.000482326666409119,0.000152525084208904,0.812475618276052,0.00329488388766222,0.0010419337710803,0.736317299605736,0.00373637545133739,0.00118154566197658,0.573155006990716,0.00672570412517633,0.00212685439039474
"Logreg","SVM","TEST",2.97728522588523,0.00826354121935857,0.00261316117918582,0.0108275083758829,0.000482326666409119,0.000152525084208904,0.799836136114294,0.00309355500170102,0.000978267987238129,0.713148119732426,0.0037023547031937,0.00117078735679288,0.549866570763374,0.00509103548359634,0.00160992677769012
"MDLP","Boosting","TEST",5.50338678346507,0.140384142304733,0.0443933637052157,0.431439193605014,0.0273097040601904,0.00863608670553498,0.767711065877555,0.00544330241823515,0.00172132336347255,0.709042463177593,0.00747763441948345,0.00236463562756387,0.552578456796774,0.0113563955418704,0.00359120759220926
"MDLP","CART","TEST",5.50338678346507,0.140384142304733,0.0443933637052157,0.431439193605014,0.0273097040601904,0.00863608670553498,0.783482076543466,0.00528534492989831,0.00167137281981016,0.712903071479819,0.00751933562400771,0.00237782270631079,0.557069757594024,0.0109251483133004,0.00345483524451762
"MDLP","KNNC","TEST",5.50338678346507,0.140384142304733,0.0443933637052157,0.431439193605014,0.0273097040601904,0.00863608670553498,0.853610689848393,0.00814251768212667,0.00257489017637152,0.807294456123315,0.00734852593743495,0.00232380794071184,0.694222997959036,0.0104912826126215,0.00331763486324058
"MDLP","NaiveBayes","TEST",5.50338678346507,0.140384142304733,0.0443933637052157,0.431439193605014,0.0273097040601904,0.00863608670553498,0.793035521631765,0.00503456326464644,0.00159206869404958,0.73348839305962,0.0081948886533339,0.00259145133160051,0.574452255050234,0.0125776304318739,0.00397739597325687
"MDLP","RF","TEST",5.50338678346507,0.140384142304733,0.0443933637052157,0.431439193605014,0.0273097040601904,0.00863608670553498,0.817404922754707,0.00462788168555854,0.00146346468681441,0.75521333081765,0.00570576194915927,0.00180432035460651,0.607695407627429,0.00777119113346162,0.00245746641142443
"MDLP","SVM","TEST",5.50338678346507,0.140384142304733,0.0443933637052157,0.431439193605014,0.0273097040601904,0.00863608670553498,0.804796075706799,0.0042554942174438,0.00134570542967982,0.726328974803658,0.0074439903155972,0.00235399642775228,0.57535931446396,0.00864433308471596,0.00273357814008517
"ModifiedChi2","Boosting","TEST",4.28812831320726,0.13597517327227,0.0429991252776423,24.0730240986954,1.92776418386817,0.609612561271903,0.766879734460913,0.0035992631088531,0.00113818693221944,0.707617020416739,0.00509889217822566,0.00161241128268103,0.545757184499775,0.00654026508951382,0.00206821341841487
"ModifiedChi2","CART","TEST",4.28812831320726,0.13597517327227,0.0429991252776423,24.0730240986954,1.92776418386817,0.609612561271903,0.786138528706343,0.0050918408036834,0.00161018144226218,0.717414838552246,0.00712051112624963,0.00225170332635196,0.560599313821224,0.0112577504007499,0.00356001325960431
"ModifiedChi2","KNNC","TEST",4.28812831320726,0.13597517327227,0.0429991252776423,24.0730240986954,1.92776418386817,0.609612561271903,0.860338578809496,0.00691209983334448,0.00218579788878388,0.816861710380659,0.00944447032925157,0.00298660375343153,0.697556123621951,0.0130137131513753,0.00411529743744336
"ModifiedChi2","NaiveBayes","TEST",4.28812831320726,0.13597517327227,0.0429991252776423,24.0730240986954,1.92776418386817,0.609612561271903,0.79259213983105,0.00361523229744629,0.00114323683305336,0.733985354080759,0.00532966584578301,0.0016853883240282,0.572835142627492,0.00826173646726255,0.00261259046646228
"ModifiedChi2","RF","TEST",4.28812831320726,0.13597517327227,0.0429991252776423,24.0730240986954,1.92776418386817,0.609612561271903,0.817407121405107,0.00435940070140455,0.0013785635449774,0.754844843958841,0.00652195190419653,0.00206242228073333,0.605927040274415,0.00998065480306985,0.00315616017176
"ModifiedChi2","SVM","TEST",4.28812831320726,0.13597517327227,0.0429991252776423,24.0730240986954,1.92776418386817,0.609612561271903,0.804471719452358,0.00289637130636632,0.000915913027767491,0.731838746140041,0.00565910322462352,0.00178956557038138,0.579199617539645,0.00710890950783717,0.00224803457247921
"Naive","Boosting","TEST",3.2503003968254,0.00946168266052675,0.00299204677049862,0.00239938159108271,0.000154320869442932,4.88005437937145e-05,0.754012143368426,0.00425090441860408,0.00134425400784627,0.692623959208554,0.00480305483708187,0.00151885930118677,0.519272585000418,0.00987171960293584,0.00312171183678103
"Naive","CART","TEST",3.2503003968254,0.00946168266052675,0.00299204677049862,0.00239938159108271,0.000154320869442932,4.88005437937145e-05,0.781237614987515,0.00492041419853817,0.00155597158988126,0.707508855913282,0.00379477824290788,0.00120001424628406,0.540694101428894,0.00827815920660583,0.00261778379263668
"Naive","KNNC","TEST",3.2503003968254,0.00946168266052675,0.00299204677049862,0.00239938159108271,0.000154320869442932,4.88005437937145e-05,0.877629287335443,0.00315198707191191,0.000996745830264659,0.83762317107449,0.00510016204626734,0.00161281285021498,0.724579110874541,0.00733654076600821,0.00232001789672624
"Naive","NaiveBayes","TEST",3.2503003968254,0.00946168266052675,0.00299204677049862,0.00239938159108271,0.000154320869442932,4.88005437937145e-05,0.782804832003078,0.0034705275429421,0.00109747717180448,0.718125149055928,0.00422108947828861,0.00133482569587639,0.549501611789095,0.00738859545913178,0.0023364790360434
"Naive","RF","TEST",3.2503003968254,0.00946168266052675,0.00299204677049862,0.00239938159108271,0.000154320869442932,4.88005437937145e-05,0.810303894306259,0.00597943126617539,0.00189086219135388,0.737971151370073,0.00803480438939345,0.00254082824244017,0.576526732594221,0.0116394878632863,0.00368072924458711
"Naive","SVM","TEST",3.2503003968254,0.00946168266052675,0.00299204677049862,0.00239938159108271,0.000154320869442932,4.88005437937145e-05,0.795517511277753,0.00529360354913029,0.00167398442452028,0.712825182364872,0.00572888330375009,0.00181163196891605,0.551282967168431,0.00925805463666311,0.0029276539354138
"OneR","Boosting","TEST",4.77361267854952,0.0532115603617055,0.0168269728594523,0.0162083746769588,0.00523516239579196,0.00165550370915665,0.730602927575939,0.00570403708419934,0.00180377490441356,0.658425173130926,0.00680669734750912,0.00215246669615554,0.482110536031882,0.0111695689397601,0.00353212783319139
"OneR","CART","TEST",4.77361267854952,0.0532115603617055,0.0168269728594523,0.0162083746769588,0.00523516239579196,0.00165550370915665,0.751588060270571,0.00474036458279766,0.00149903490212344,0.667254592701019,0.00591397265449469,0.00187016236081553,0.493348729777961,0.0091448894723127,0.00289186796830035
"OneR","KNNC","TEST",4.77361267854952,0.0532115603617055,0.0168269728594523,0.0162083746769588,0.00523516239579196,0.00165550370915665,0.832943147419418,0.00647673167404138,0.0020481223883726,0.785120012337918,0.00500132855527,0.00158155895614925,0.677595715789632,0.00688128199972056,0.00217605243410351
"OneR","NaiveBayes","TEST",4.77361267854952,0.0532115603617055,0.0168269728594523,0.0162083746769588,0.00523516239579196,0.00165550370915665,0.763288366249337,0.00749114027738616,0.00236890655483658,0.692630468327877,0.00795910717041866,0.00251689067999009,0.520843703491026,0.0126273342043543,0.00399311368619097
"OneR","RF","TEST",4.77361267854952,0.0532115603617055,0.0168269728594523,0.0162083746769588,0.00523516239579196,0.00165550370915665,0.782845890883494,0.0055380275584295,0.00175127808294184,0.701423079481625,0.00663538628793719,0.00209829338249314,0.536357305031191,0.0105247301505325,0.00332821190343294
"OneR","SVM","TEST",4.77361267854952,0.0532115603617055,0.0168269728594523,0.0162083746769588,0.00523516239579196,0.00165550370915665,0.75984091285388,0.00446093278352705,0.00141067080848603,0.671639396553089,0.00648506452523058,0.00205075746728871,0.497439815382168,0.00858631120587747,0.00271523001095997
"QuantilDisc","Boosting","TEST",4.78412738095238,0.0115751234036885,0.00366037541531763,0.00187131463950734,0.000441238080137746,0.000139531732363518,0.766384662529935,0.00686366462710866,0.00217048133171936,0.707881773318201,0.00739085919886303,0.00233719489340145,0.548928299622778,0.0140093705834684,0.00443015196291223
"QuantilDisc","CART","TEST",4.78412738095238,0.0115751234036885,0.00366037541531763,0.00187131463950734,0.000441238080137746,0.000139531732363518,0.784633218345197,0.00580635097905887,0.00183612939881747,0.713031779254111,0.0071447903392226,0.00225938108763105,0.555609923214727,0.0119970991282509,0.00379381585600934
"QuantilDisc","KNNC","TEST",4.78412738095238,0.0115751234036885,0.00366037541531763,0.00187131463950734,0.000441238080137746,0.000139531732363518,0.912818973582463,0.00345698521896438,0.00109319471294634,0.88094088836846,0.00571719377151606,0.0018079354142519,0.804829169871923,0.00724902186409818,0.00229234198989098
"QuantilDisc","NaiveBayes","TEST",4.78412738095238,0.0115751234036885,0.00366037541531763,0.00187131463950734,0.000441238080137746,0.000139531732363518,0.794212504707107,0.00462999901676223,0.00146413424573088,0.730933678781108,0.00409307381156299,0.00129434358757259,0.572058218482579,0.00833575881997806,0.00263599838969681
"QuantilDisc","RF","TEST",4.78412738095238,0.0115751234036885,0.00366037541531763,0.00187131463950734,0.000441238080137746,0.000139531732363518,0.830080122548843,0.0046728733550292,0.00147769230194049,0.762003527289657,0.00623243089889188,0.00197086770001089,0.617534015441161,0.00967849231349823,0.00306060800270868
"QuantilDisc","SVM","TEST",4.78412738095238,0.0115751234036885,0.00366037541531763,0.00187131463950734,0.000441238080137746,0.000139531732363518,0.807600546410286,0.00458662846672657,0.00145041927358218,0.712734097474128,0.00711177637606999,0.00224894115581594,0.561813975407714,0.0111553262922496,0.00352762391258699
"RDGR","Boosting","TEST",3.85484411451122,0.0389325833225398,0.0123115638493512,0.186659924322656,0.00484603036610408,0.00153244935672285,0.752825521856877,0.00443476081765751,0.00140239450618684,0.687730554775445,0.00477446566022416,0.00150981860965679,0.522976161099329,0.0106070648854556,0.00335424843272326
"RDGR","CART","TEST",3.85484411451122,0.0389325833225398,0.0123115638493512,0.186659924322656,0.00484603036610408,0.00153244935672285,0.778004889423027,0.00349698892105342,0.00110584499429036,0.700855633585394,0.00566394072271824,0.00179109532159698,0.536910230821535,0.00890259300777878,0.00281524709860701
"RDGR","KNNC","TEST",3.85484411451122,0.0389325833225398,0.0123115638493512,0.186659924322656,0.00484603036610408,0.00153244935672285,0.891137343709748,0.00470798482718265,0.00148879552434114,0.852144524451968,0.00640946605488454,0.00202685113189689,0.760812623841222,0.00936731355922661,0.00296220464041346
"RDGR","NaiveBayes","TEST",3.85484411451122,0.0389325833225398,0.0123115638493512,0.186659924322656,0.00484603036610408,0.00153244935672285,0.783667530334481,0.00236402135502765,0.000747569191916491,0.717763294954402,0.00366658909686097,0.00115947727900204,0.55323340525884,0.00579142469473563,0.001831409293271
"RDGR","RF","TEST",3.85484411451122,0.0389325833225398,0.0123115638493512,0.186659924322656,0.00484603036610408,0.00153244935672285,0.81525016394819,0.00552351203762464,0.00174668787222515,0.741633150251624,0.00739554219828587,0.00233867578784719,0.587751730422369,0.0127116351211121,0.00401977197677046
"RDGR","SVM","TEST",3.85484411451122,0.0389325833225398,0.0123115638493512,0.186659924322656,0.00484603036610408,0.00153244935672285,0.802279092571434,0.00423360659909146,0.00133878395702483,0.714339352207857,0.00577304811209755,0.00182559810759633,0.554781636157992,0.00872663654231197,0.00275960477861622
"RSTGDH","Boosting","TEST",2.61079085417507,0.0100216419307537,0.00316912143958291,0.0144737090622,0.000288512442827514,9.12356452634054e-05,0.745046384318437,0.00544318240227156,0.0017212854110925,0.690099886083241,0.00727068154712674,0.00229919138306774,0.52507826444423,0.0115440068258972,0.00365053548943659
"RSTGDH","CART","TEST",2.61079085417507,0.0100216419307537,0.00316912143958291,0.0144737090622,0.000288512442827514,9.12356452634054e-05,0.779902725287818,0.00363753057360194,0.00115028816710809,0.710312557188485,0.00412932702204121,0.00130580785933305,0.559341903699654,0.00654408470035755,0.00206942128541904
"RSTGDH","KNNC","TEST",2.61079085417507,0.0100216419307537,0.00316912143958291,0.0144737090622,0.000288512442827514,9.12356452634054e-05,0.867861689908964,0.00327470635402882,0.00103555307469568,0.829290248362349,0.00526603144452253,0.00166526535947578,0.736492616796101,0.00669283650304523,0.00211646073567394
"RSTGDH","NaiveBayes","TEST",2.61079085417507,0.0100216419307537,0.00316912143958291,0.0144737090622,0.000288512442827514,9.12356452634054e-05,0.784966879313433,0.00451167625206543,0.00142671730218187,0.724263698629269,0.00707425300828008,0.00223707522504631,0.56258636933515,0.011493827514223,0.00363466739780562
"RSTGDH","RF","TEST",2.61079085417507,0.0100216419307537,0.00316912143958291,0.0144737090622,0.000288512442827514,9.12356452634054e-05,0.804782852658676,0.00392306431871586,0.00124058186544788,0.737802725050512,0.00671566154363428,0.00212367864726866,0.594042135579472,0.00894975929043099,0.00283016238680143
"RSTGDH","SVM","TEST",2.61079085417507,0.0100216419307537,0.00316912143958291,0.0144737090622,0.000288512442827514,9.12356452634054e-05,0.798385032005356,0.0045079659576232,0.00142554400405914,0.72359438717295,0.00789803954179774,0.00249757940021535,0.579577834219046,0.0118631588089965,0.00375146020807193
"RSTLDH","Boosting","TEST",2.97630576441103,0.00286139497063085,0.000904852539254409,0.00489848161259678,0.000219243840823436,6.93309899965464e-05,0.753601672720821,0.00654124006578821,0.00206852173298404,0.697078594336664,0.00801663341280005,0.0025350820751057,0.535907804361245,0.0149040960769954,0.00471308900692856
"RSTLDH","CART","TEST",2.97630576441103,0.00286139497063085,0.000904852539254409,0.00489848161259678,0.000219243840823436,6.93309899965464e-05,0.782063539055792,0.00509427791728109,0.00161095212525071,0.715711155473569,0.00506506185274161,0.00160171319442959,0.562238361008424,0.00915057246857618,0.00289366508951303
"RSTLDH","KNNC","TEST",2.97630576441103,0.00286139497063085,0.000904852539254409,0.00489848161259678,0.000219243840823436,6.93309899965464e-05,0.890995334415423,0.00400322434943163,0.00126593069288497,0.855426191541333,0.00693986355632426,0.00219457754887809,0.76497613182341,0.00910797444334488,0.0028801944111574
"RSTLDH","NaiveBayes","TEST",2.97630576441103,0.00286139497063085,0.000904852539254409,0.00489848161259678,0.000219243840823436,6.93309899965464e-05,0.784512357798539,0.00504402319363002,0.00159506018625874,0.724335800022803,0.00661043459576,0.0020904029646176,0.564739718839557,0.0106555987970323,0.00336959620315724
"RSTLDH","RF","TEST",2.97630576441103,0.00286139497063085,0.000904852539254409,0.00489848161259678,0.000219243840823436,6.93309899965464e-05,0.813266774514654,0.00556911849099272,0.00176110989908969,0.747427260315462,0.0083695124749173,0.00264667223259315,0.600846892181025,0.012125048591496,0.00383427702893438
"RSTLDH","SVM","TEST",2.97630576441103,0.00286139497063085,0.000904852539254409,0.00489848161259678,0.000219243840823436,6.93309899965464e-05,0.803482947702449,0.00379659645893333,0.00120058921667593,0.727384996920956,0.00626063575614212,0.00197978685900996,0.576276083377368,0.00898675727947664,0.00284186217822445
"ScottEqualWidth","Boosting","TEST",14.1098330288133,0.0551990911426405,0.017455485278197,0.00237776329076047,0.0010194320439841,0.000322372717875069,0.775583792662759,0.00466858430406817,0.00147633598493675,0.718460270614028,0.00421734955964797,0.00133364302975957,0.562340288810867,0.00821681990182682,0.00259838660131739
"ScottEqualWidth","CART","TEST",14.1098330288133,0.0551990911426405,0.017455485278197,0.00237776329076047,0.0010194320439841,0.000322372717875069,0.787185470119178,0.00469046638889373,0.00148325570773693,0.718567298077443,0.00649861853533217,0.00205504362162371,0.557109343958878,0.0109364342638538,0.00345840417544849
"ScottEqualWidth","KNNC","TEST",14.1098330288133,0.0551990911426405,0.017455485278197,0.00237776329076047,0.0010194320439841,0.000322372717875069,0.912540958497551,0.0023690552696902,0.00074916105550455,0.877750121627576,0.0037437564540281,0.00118387973996843,0.799381899285791,0.00571688876561234,0.00180783896291635
"ScottEqualWidth","NaiveBayes","TEST",14.1098330288133,0.0551990911426405,0.017455485278197,0.00237776329076047,0.0010194320439841,0.000322372717875069,0.800316892596241,0.00518211425246848,0.00163872841330212,0.740909007919013,0.00585810684756497,0.00185249604149341,0.585688651447018,0.0091465021572989,0.00289237794407082
"ScottEqualWidth","RF","TEST",14.1098330288133,0.0551990911426405,0.017455485278197,0.00237776329076047,0.0010194320439841,0.000322372717875069,0.829175759374811,0.00382231541219484,0.0012087222638101,0.762744426001116,0.00655138124547729,0.00207172865558189,0.618946728630284,0.00882810650232926,0.0027916923973903
"ScottEqualWidth","SVM","TEST",14.1098330288133,0.0551990911426405,0.017455485278197,0.00237776329076047,0.0010194320439841,0.000322372717875069,0.805940984322845,0.00476960623735042,0.0015082819252173,0.697423266767742,0.00835870314595424,0.00264325402264303,0.530213401212883,0.0128994428774479,0.00407916200399716
"cont","Boosting","TEST",NA,NA,NA,0,0,0,0.793361608644101,0.00421353572466255,0.00133243698924218,0.749394628052369,0.0044013233013065,0.00139182063509001,0.615398716140677,0.00706088056732069,0.00223284648791552
"cont","CART","TEST",NA,NA,NA,0,0,0,0.797846580500618,0.00442559752772974,0.00139949681948362,0.740327540074901,0.00500912694571344,0.00158402502373771,0.594340108831071,0.0082091261435531,0.00259595362132622
"cont","KNNC","TEST",NA,NA,NA,0,0,0,0.928689434390871,0.00306147326316456,0.000968122850730808,0.903547698050239,0.00446469984470884,0.001411862057828,0.839754256154687,0.00815930051734261,0.00258019737485928
"cont","NaiveBayes","TEST",NA,NA,NA,0,0,0,0.769417696249593,0.00298435069161663,0.000943734552220733,0.71065128101907,0.00269248977698753,0.000851440027199942,0.541680918214262,0.00442007467918176,0.00139775034142524
"cont","RF","TEST",NA,NA,NA,0,0,0,0.848429411428107,0.00488591901126145,0.0015450632538704,0.796248833777366,0.00754464196775199,0.00238582527485909,0.673005903804932,0.0122847324049812,0.00388477348454185
"cont","SVM","TEST",NA,NA,NA,0,0,0,0.821100357833742,0.0058756993437547,0.00185805927726215,0.737571983578457,0.0110849820347551,0.0035053791051874,0.594748667637031,0.0140117356065942,0.00443089984889188
