"var","Split","freq","opt_value","iter","forest","name"
1,1.5,0.4848,2.11965031966713e-32,1,"Forest_disc_25","hayes"
1,2.5,0.5155,2.11965031966713e-32,1,"Forest_disc_25","hayes"
2,1.5,0.3865,1.472891414971e-19,1,"Forest_disc_25","hayes"
2,2.5,0.365,1.472891414971e-19,1,"Forest_disc_25","hayes"
2,3.5,0.2485,1.472891414971e-19,1,"Forest_disc_25","hayes"
3,1.5,0.3864,3.41524005953404e-18,1,"Forest_disc_25","hayes"
3,2.5,0.3999,3.41524005953404e-18,1,"Forest_disc_25","hayes"
3,3.5,0.2136,3.41524005953404e-18,1,"Forest_disc_25","hayes"
4,1.5,0.455,1.68455279931051e-21,1,"Forest_disc_25","hayes"
4,2.5,0.3291,1.68455279931051e-21,1,"Forest_disc_25","hayes"
4,3.5,0.2159,1.68455279931051e-21,1,"Forest_disc_25","hayes"
1,1.5,0.512,1.83407929596071e-16,1,"Forest_disc_50","hayes"
1,2,0.0094,1.83407929596071e-16,1,"Forest_disc_50","hayes"
1,2.5,0.4787,1.83407929596071e-16,1,"Forest_disc_50","hayes"
2,1.5,0.4074,1.77159022512924e-21,1,"Forest_disc_50","hayes"
2,2.5,0.3674,1.77159022512924e-21,1,"Forest_disc_50","hayes"
2,3.5,0.2248,1.77159022512924e-21,1,"Forest_disc_50","hayes"
3,1.5,0.4062,2.16055661505598e-18,1,"Forest_disc_50","hayes"
3,2.5,0.3536,2.16055661505598e-18,1,"Forest_disc_50","hayes"
3,3.5,0.2404,2.16055661505598e-18,1,"Forest_disc_50","hayes"
4,1.5,0.4744,9.58367225758592e-22,1,"Forest_disc_50","hayes"
4,2.5,0.3106,9.58367225758592e-22,1,"Forest_disc_50","hayes"
4,3.5,0.2149,9.58367225758592e-22,1,"Forest_disc_50","hayes"
1,1.5,0.5157,5.1002836466695e-16,1,"Forest_disc_75","hayes"
1,2,0.0172,5.1002836466695e-16,1,"Forest_disc_75","hayes"
1,2.5,0.4671,5.1002836466695e-16,1,"Forest_disc_75","hayes"
2,1.5,0.3975,6.83438446910448e-22,1,"Forest_disc_75","hayes"
2,2.5,0.3834,6.83438446910448e-22,1,"Forest_disc_75","hayes"
2,3.5,0.2191,6.83438446910448e-22,1,"Forest_disc_75","hayes"
3,1.5,0.412,1.40534851674933e-18,1,"Forest_disc_75","hayes"
3,2.5,0.3723,1.40534851674933e-18,1,"Forest_disc_75","hayes"
3,3.5,0.2157,1.40534851674933e-18,1,"Forest_disc_75","hayes"
4,1.5,0.4648,2.2833454521109e-21,1,"Forest_disc_75","hayes"
4,2.5,0.3156,2.2833454521109e-21,1,"Forest_disc_75","hayes"
4,3.5,0.2197,2.2833454521109e-21,1,"Forest_disc_75","hayes"
1,1.5,0.5224,1.98904744683577e-16,1,"Forest_disc_100","hayes"
1,2,0.0263,1.98904744683577e-16,1,"Forest_disc_100","hayes"
1,2.5,0.4512,1.98904744683577e-16,1,"Forest_disc_100","hayes"
2,1.5,0.397,3.83648579462334e-18,1,"Forest_disc_100","hayes"
2,2.5,0.3908,3.83648579462334e-18,1,"Forest_disc_100","hayes"
2,3.5,0.2122,3.83648579462334e-18,1,"Forest_disc_100","hayes"
3,1.5,0.4192,1.70533570608812e-21,1,"Forest_disc_100","hayes"
3,2.5,0.3442,1.70533570608812e-21,1,"Forest_disc_100","hayes"
3,3.5,0.2365,1.70533570608812e-21,1,"Forest_disc_100","hayes"
4,1.5,0.4608,2.91407717903389e-19,1,"Forest_disc_100","hayes"
4,2.5,0.3322,2.91407717903389e-19,1,"Forest_disc_100","hayes"
4,3.5,0.2068,2.91407717903389e-19,1,"Forest_disc_100","hayes"
1,1.5,0.5214,1.431224925346e-16,1,"Forest_disc_125","hayes"
1,2,0.0243,1.431224925346e-16,1,"Forest_disc_125","hayes"
1,2.5,0.4544,1.431224925346e-16,1,"Forest_disc_125","hayes"
2,1.5,0.4188,1.95747370706288e-19,1,"Forest_disc_125","hayes"
2,2.5,0.3653,1.95747370706288e-19,1,"Forest_disc_125","hayes"
2,3.5,0.2157,1.95747370706288e-19,1,"Forest_disc_125","hayes"
3,1.5,0.409,1.04373975093556e-18,1,"Forest_disc_125","hayes"
3,2.5,0.3493,1.04373975093556e-18,1,"Forest_disc_125","hayes"
3,3.5,0.2417,1.04373975093556e-18,1,"Forest_disc_125","hayes"
4,1.5,0.439,2.80409338456561e-20,1,"Forest_disc_125","hayes"
4,2.5,0.3454,2.80409338456561e-20,1,"Forest_disc_125","hayes"
4,3.5,0.2156,2.80409338456561e-20,1,"Forest_disc_125","hayes"
1,1.5,0.51,9.88518656927789e-17,1,"Forest_disc_150","hayes"
1,2,0.0298,9.88518656927789e-17,1,"Forest_disc_150","hayes"
1,2.5,0.4603,9.88518656927789e-17,1,"Forest_disc_150","hayes"
2,1.5,0.4008,1.8319748680936e-18,1,"Forest_disc_150","hayes"
2,2.5,0.3767,1.8319748680936e-18,1,"Forest_disc_150","hayes"
2,3.5,0.2225,1.8319748680936e-18,1,"Forest_disc_150","hayes"
3,1.5,0.424,8.60172534175557e-19,1,"Forest_disc_150","hayes"
3,2.5,0.3364,8.60172534175557e-19,1,"Forest_disc_150","hayes"
3,3.5,0.2397,8.60172534175557e-19,1,"Forest_disc_150","hayes"
4,1.5,0.4644,1.82849527253227e-22,1,"Forest_disc_150","hayes"
4,2.5,0.3162,1.82849527253227e-22,1,"Forest_disc_150","hayes"
4,3.5,0.2194,1.82849527253227e-22,1,"Forest_disc_150","hayes"
1,1.5,0.496,5.81572739175842e-16,1,"Forest_disc_175","hayes"
1,2,0.0362,5.81572739175842e-16,1,"Forest_disc_175","hayes"
1,2.5,0.4676,5.81572739175842e-16,1,"Forest_disc_175","hayes"
2,1.5,0.4272,5.24159886569504e-19,1,"Forest_disc_175","hayes"
2,2.5,0.3435,5.24159886569504e-19,1,"Forest_disc_175","hayes"
2,3.5,0.2293,5.24159886569504e-19,1,"Forest_disc_175","hayes"
3,1.5,0.4038,1.58480665747353e-18,1,"Forest_disc_175","hayes"
3,2.5,0.3687,1.58480665747353e-18,1,"Forest_disc_175","hayes"
3,3.5,0.2273,1.58480665747353e-18,1,"Forest_disc_175","hayes"
4,1.5,0.4592,1.22774643080618e-21,1,"Forest_disc_175","hayes"
4,2.5,0.3263,1.22774643080618e-21,1,"Forest_disc_175","hayes"
4,3.5,0.2148,1.22774643080618e-21,1,"Forest_disc_175","hayes"
1,1.5,0.4963,1.41616412217742e-16,1,"Forest_disc_200","hayes"
1,2,0.0229,1.41616412217742e-16,1,"Forest_disc_200","hayes"
1,2.5,0.481,1.41616412217742e-16,1,"Forest_disc_200","hayes"
2,1.5,0.419,1.29330716661042e-21,1,"Forest_disc_200","hayes"
2,2.5,0.355,1.29330716661042e-21,1,"Forest_disc_200","hayes"
2,3.5,0.2259,1.29330716661042e-21,1,"Forest_disc_200","hayes"
3,1.5,0.4291,1.46541112556133e-20,1,"Forest_disc_200","hayes"
3,2.5,0.3396,1.46541112556133e-20,1,"Forest_disc_200","hayes"
3,3.5,0.2313,1.46541112556133e-20,1,"Forest_disc_200","hayes"
4,1.5,0.4458,1.15609172888655e-18,1,"Forest_disc_200","hayes"
4,2.5,0.3416,1.15609172888655e-18,1,"Forest_disc_200","hayes"
4,3.5,0.2126,1.15609172888655e-18,1,"Forest_disc_200","hayes"
1,1.5,0.55,2.75273177966599e-17,2,"Forest_disc_25","hayes"
1,2,0.075,2.75273177966599e-17,2,"Forest_disc_25","hayes"
1,2.5,0.375,2.75273177966599e-17,2,"Forest_disc_25","hayes"
2,1.5,0.4378,3.48527423916386e-22,2,"Forest_disc_25","hayes"
2,2.5,0.3384,3.48527423916386e-22,2,"Forest_disc_25","hayes"
2,3.5,0.2239,3.48527423916386e-22,2,"Forest_disc_25","hayes"
3,1.5,0.4,5.25313831410326e-21,2,"Forest_disc_25","hayes"
3,2.5,0.3583,5.25313831410326e-21,2,"Forest_disc_25","hayes"
3,3.5,0.2419,5.25313831410326e-21,2,"Forest_disc_25","hayes"
4,1.5,0.5008,2.27476564511728e-20,2,"Forest_disc_25","hayes"
4,2.5,0.2988,2.27476564511728e-20,2,"Forest_disc_25","hayes"
4,3.5,0.2002,2.27476564511728e-20,2,"Forest_disc_25","hayes"
1,1.5,0.5644,5.20388002604245e-18,2,"Forest_disc_50","hayes"
1,2,0.043,5.20388002604245e-18,2,"Forest_disc_50","hayes"
1,2.5,0.3925,5.20388002604245e-18,2,"Forest_disc_50","hayes"
2,1.5,0.44,9.17860951559772e-19,2,"Forest_disc_50","hayes"
2,2.5,0.326,9.17860951559772e-19,2,"Forest_disc_50","hayes"
2,3.5,0.2337,9.17860951559772e-19,2,"Forest_disc_50","hayes"
3,1.5,0.3899,1.34393340518895e-18,2,"Forest_disc_50","hayes"
3,2.5,0.3478,1.34393340518895e-18,2,"Forest_disc_50","hayes"
3,3.5,0.2624,1.34393340518895e-18,2,"Forest_disc_50","hayes"
4,1.5,0.4576,1.17031605589685e-18,2,"Forest_disc_50","hayes"
4,2.5,0.3236,1.17031605589685e-18,2,"Forest_disc_50","hayes"
4,3.5,0.2187,1.17031605589685e-18,2,"Forest_disc_50","hayes"
1,1.5,0.552,1.73582050336264e-17,2,"Forest_disc_75","hayes"
1,2,0.0481,1.73582050336264e-17,2,"Forest_disc_75","hayes"
1,2.5,0.4,1.73582050336264e-17,2,"Forest_disc_75","hayes"
2,1.5,0.452,2.17215683978038e-21,2,"Forest_disc_75","hayes"
2,2.5,0.3227,2.17215683978038e-21,2,"Forest_disc_75","hayes"
2,3.5,0.2252,2.17215683978038e-21,2,"Forest_disc_75","hayes"
3,1.5,0.3858,1.46560613721147e-19,2,"Forest_disc_75","hayes"
3,2.5,0.3695,1.46560613721147e-19,2,"Forest_disc_75","hayes"
3,3.5,0.2447,1.46560613721147e-19,2,"Forest_disc_75","hayes"
4,1.5,0.4466,8.01242008587945e-23,2,"Forest_disc_75","hayes"
4,2.5,0.346,8.01242008587945e-23,2,"Forest_disc_75","hayes"
4,3.5,0.2074,8.01242008587945e-23,2,"Forest_disc_75","hayes"
1,1.5,0.5488,2.18194205759628e-17,2,"Forest_disc_100","hayes"
1,2,0.0499,2.18194205759628e-17,2,"Forest_disc_100","hayes"
1,2.5,0.4016,2.18194205759628e-17,2,"Forest_disc_100","hayes"
2,1.5,0.431,2.63478643665321e-20,2,"Forest_disc_100","hayes"
2,2.5,0.3558,2.63478643665321e-20,2,"Forest_disc_100","hayes"
2,3.5,0.2133,2.63478643665321e-20,2,"Forest_disc_100","hayes"
3,1.5,0.4188,5.55417716199955e-21,2,"Forest_disc_100","hayes"
3,2.5,0.3297,5.55417716199955e-21,2,"Forest_disc_100","hayes"
3,3.5,0.2514,5.55417716199955e-21,2,"Forest_disc_100","hayes"
4,1.5,0.4748,6.07813426087255e-19,2,"Forest_disc_100","hayes"
4,2.5,0.3226,6.07813426087255e-19,2,"Forest_disc_100","hayes"
4,3.5,0.2026,6.07813426087255e-19,2,"Forest_disc_100","hayes"
1,1.5,0.5127,2.8172889884765e-17,2,"Forest_disc_125","hayes"
1,2,0.0443,2.8172889884765e-17,2,"Forest_disc_125","hayes"
1,2.5,0.4431,2.8172889884765e-17,2,"Forest_disc_125","hayes"
2,1.5,0.4704,6.28474113290535e-19,2,"Forest_disc_125","hayes"
2,2.5,0.2919,6.28474113290535e-19,2,"Forest_disc_125","hayes"
2,3.5,0.2376,6.28474113290535e-19,2,"Forest_disc_125","hayes"
3,1.5,0.384,2.22127631873947e-21,2,"Forest_disc_125","hayes"
3,2.5,0.3625,2.22127631873947e-21,2,"Forest_disc_125","hayes"
3,3.5,0.2538,2.22127631873947e-21,2,"Forest_disc_125","hayes"
4,1.5,0.4808,1.73279789974437e-19,2,"Forest_disc_125","hayes"
4,2.5,0.3126,1.73279789974437e-19,2,"Forest_disc_125","hayes"
4,3.5,0.2063,1.73279789974437e-19,2,"Forest_disc_125","hayes"
1,1.5,0.551,1.8518138599641e-17,2,"Forest_disc_150","hayes"
1,2,0.0265,1.8518138599641e-17,2,"Forest_disc_150","hayes"
1,2.5,0.4223,1.8518138599641e-17,2,"Forest_disc_150","hayes"
2,1.5,0.4376,7.57930324813435e-19,2,"Forest_disc_150","hayes"
2,2.5,0.3323,7.57930324813435e-19,2,"Forest_disc_150","hayes"
2,3.5,0.23,7.57930324813435e-19,2,"Forest_disc_150","hayes"
3,1.5,0.3926,1.88874844050481e-21,2,"Forest_disc_150","hayes"
3,2.5,0.3615,1.88874844050481e-21,2,"Forest_disc_150","hayes"
3,3.5,0.246,1.88874844050481e-21,2,"Forest_disc_150","hayes"
4,1.5,0.4632,2.81211672769558e-19,2,"Forest_disc_150","hayes"
4,2.5,0.3255,2.81211672769558e-19,2,"Forest_disc_150","hayes"
4,3.5,0.2116,2.81211672769558e-19,2,"Forest_disc_150","hayes"
1,1.5,0.5508,2.25713794675047e-16,2,"Forest_disc_175","hayes"
1,2,0.0416,2.25713794675047e-16,2,"Forest_disc_175","hayes"
1,2.5,0.4078,2.25713794675047e-16,2,"Forest_disc_175","hayes"
2,1.5,0.4557,3.09347689035131e-23,2,"Forest_disc_175","hayes"
2,2.5,0.3159,3.09347689035131e-23,2,"Forest_disc_175","hayes"
2,3.5,0.2286,3.09347689035131e-23,2,"Forest_disc_175","hayes"
3,1.5,0.3944,3.82167849057288e-18,2,"Forest_disc_175","hayes"
3,2.5,0.3551,3.82167849057288e-18,2,"Forest_disc_175","hayes"
3,3.5,0.2507,3.82167849057288e-18,2,"Forest_disc_175","hayes"
4,1.5,0.4558,2.24456858375787e-19,2,"Forest_disc_175","hayes"
4,2.5,0.3387,2.24456858375787e-19,2,"Forest_disc_175","hayes"
4,3.5,0.2055,2.24456858375787e-19,2,"Forest_disc_175","hayes"
1,1.5,0.528,9.00140524404591e-17,2,"Forest_disc_200","hayes"
1,2,0.0306,9.00140524404591e-17,2,"Forest_disc_200","hayes"
1,2.5,0.4415,9.00140524404591e-17,2,"Forest_disc_200","hayes"
2,1.5,0.445,1.48040996780944e-22,2,"Forest_disc_200","hayes"
2,2.5,0.3284,1.48040996780944e-22,2,"Forest_disc_200","hayes"
2,3.5,0.2264,1.48040996780944e-22,2,"Forest_disc_200","hayes"
3,1.5,0.3945,2.21055956449205e-18,2,"Forest_disc_200","hayes"
3,2.5,0.3653,2.21055956449205e-18,2,"Forest_disc_200","hayes"
3,3.5,0.2404,2.21055956449205e-18,2,"Forest_disc_200","hayes"
4,1.5,0.479,4.38761888399509e-20,2,"Forest_disc_200","hayes"
4,2.5,0.3096,4.38761888399509e-20,2,"Forest_disc_200","hayes"
4,3.5,0.2112,4.38761888399509e-20,2,"Forest_disc_200","hayes"
1,1.5,0.515,1.07891545306769e-15,3,"Forest_disc_25","hayes"
1,2,0.0504,1.07891545306769e-15,3,"Forest_disc_25","hayes"
1,2.5,0.4345,1.07891545306769e-15,3,"Forest_disc_25","hayes"
2,1.5,0.397,1.5830229532067e-20,3,"Forest_disc_25","hayes"
2,2.5,0.3709,1.5830229532067e-20,3,"Forest_disc_25","hayes"
2,3.5,0.2323,1.5830229532067e-20,3,"Forest_disc_25","hayes"
3,1.5,0.404,2.62288843055052e-18,3,"Forest_disc_25","hayes"
3,2.5,0.3673,2.62288843055052e-18,3,"Forest_disc_25","hayes"
3,3.5,0.2289,2.62288843055052e-18,3,"Forest_disc_25","hayes"
4,1.5,0.4566,3.86330602314648e-19,3,"Forest_disc_25","hayes"
4,2.5,0.328,3.86330602314648e-19,3,"Forest_disc_25","hayes"
4,3.5,0.2154,3.86330602314648e-19,3,"Forest_disc_25","hayes"
1,1.5,0.5227,4.33512281070988e-17,3,"Forest_disc_50","hayes"
1,2,0.0254,4.33512281070988e-17,3,"Forest_disc_50","hayes"
1,2.5,0.4518,4.33512281070988e-17,3,"Forest_disc_50","hayes"
2,1.5,0.3845,5.10989038004204e-21,3,"Forest_disc_50","hayes"
2,2.5,0.3685,5.10989038004204e-21,3,"Forest_disc_50","hayes"
2,3.5,0.247,5.10989038004204e-21,3,"Forest_disc_50","hayes"
3,1.5,0.4548,2.00967285915711e-21,3,"Forest_disc_50","hayes"
3,2.5,0.3241,2.00967285915711e-21,3,"Forest_disc_50","hayes"
3,3.5,0.2213,2.00967285915711e-21,3,"Forest_disc_50","hayes"
4,1.5,0.4695,1.40946478163206e-22,3,"Forest_disc_50","hayes"
4,2.5,0.309,1.40946478163206e-22,3,"Forest_disc_50","hayes"
4,3.5,0.2216,1.40946478163206e-22,3,"Forest_disc_50","hayes"
1,1.5,0.5432,1.6600992742172e-16,3,"Forest_disc_75","hayes"
1,2,0.0198,1.6600992742172e-16,3,"Forest_disc_75","hayes"
1,2.5,0.4371,1.6600992742172e-16,3,"Forest_disc_75","hayes"
2,1.5,0.3918,5.81245523089832e-20,3,"Forest_disc_75","hayes"
2,2.5,0.3595,5.81245523089832e-20,3,"Forest_disc_75","hayes"
2,3.5,0.2488,5.81245523089832e-20,3,"Forest_disc_75","hayes"
3,1.5,0.4269,2.45805148709552e-19,3,"Forest_disc_75","hayes"
3,2.5,0.3358,2.45805148709552e-19,3,"Forest_disc_75","hayes"
3,3.5,0.2372,2.45805148709552e-19,3,"Forest_disc_75","hayes"
4,1.5,0.4716,4.03691861665726e-20,3,"Forest_disc_75","hayes"
4,2.5,0.3233,4.03691861665726e-20,3,"Forest_disc_75","hayes"
4,3.5,0.205,4.03691861665726e-20,3,"Forest_disc_75","hayes"
1,1.5,0.5152,1.135546925705e-16,3,"Forest_disc_100","hayes"
1,2,0.0139,1.135546925705e-16,3,"Forest_disc_100","hayes"
1,2.5,0.471,1.135546925705e-16,3,"Forest_disc_100","hayes"
2,1.5,0.3664,1.70642300477214e-20,3,"Forest_disc_100","hayes"
2,2.5,0.3745,1.70642300477214e-20,3,"Forest_disc_100","hayes"
2,3.5,0.2592,1.70642300477214e-20,3,"Forest_disc_100","hayes"
3,1.5,0.4487,1.67374683633974e-18,3,"Forest_disc_100","hayes"
3,2.5,0.2995,1.67374683633974e-18,3,"Forest_disc_100","hayes"
3,3.5,0.2516,1.67374683633974e-18,3,"Forest_disc_100","hayes"
4,1.5,0.4664,4.00046924738849e-19,3,"Forest_disc_100","hayes"
4,2.5,0.3277,4.00046924738849e-19,3,"Forest_disc_100","hayes"
4,3.5,0.2058,4.00046924738849e-19,3,"Forest_disc_100","hayes"
1,1.5,0.5344,1.22146258566897e-16,3,"Forest_disc_125","hayes"
1,2,0.0121,1.22146258566897e-16,3,"Forest_disc_125","hayes"
1,2.5,0.4537,1.22146258566897e-16,3,"Forest_disc_125","hayes"
2,1.5,0.3704,1.28958028786848e-21,3,"Forest_disc_125","hayes"
2,2.5,0.3687,1.28958028786848e-21,3,"Forest_disc_125","hayes"
2,3.5,0.261,1.28958028786848e-21,3,"Forest_disc_125","hayes"
3,1.5,0.4384,4.51599622325005e-19,3,"Forest_disc_125","hayes"
3,2.5,0.3324,4.51599622325005e-19,3,"Forest_disc_125","hayes"
3,3.5,0.2292,4.51599622325005e-19,3,"Forest_disc_125","hayes"
4,1.5,0.4666,8.76679182761663e-21,3,"Forest_disc_125","hayes"
4,2.5,0.3116,8.76679182761663e-21,3,"Forest_disc_125","hayes"
4,3.5,0.2218,8.76679182761663e-21,3,"Forest_disc_125","hayes"
1,1.5,0.5254,5.51264242755127e-16,3,"Forest_disc_150","hayes"
1,2,0.0219,5.51264242755127e-16,3,"Forest_disc_150","hayes"
1,2.5,0.4528,5.51264242755127e-16,3,"Forest_disc_150","hayes"
2,1.5,0.3786,1.8267200363232e-18,3,"Forest_disc_150","hayes"
2,2.5,0.3851,1.8267200363232e-18,3,"Forest_disc_150","hayes"
2,3.5,0.2364,1.8267200363232e-18,3,"Forest_disc_150","hayes"
3,1.5,0.4446,5.01925299905686e-19,3,"Forest_disc_150","hayes"
3,2.5,0.3182,5.01925299905686e-19,3,"Forest_disc_150","hayes"
3,3.5,0.2373,5.01925299905686e-19,3,"Forest_disc_150","hayes"
4,1.5,0.4701,1.04573269991218e-19,3,"Forest_disc_150","hayes"
4,2.5,0.3131,1.04573269991218e-19,3,"Forest_disc_150","hayes"
4,3.5,0.2169,1.04573269991218e-19,3,"Forest_disc_150","hayes"
1,1.5,0.5089,1.29896354455523e-16,3,"Forest_disc_175","hayes"
1,2,0.0146,1.29896354455523e-16,3,"Forest_disc_175","hayes"
1,2.5,0.4767,1.29896354455523e-16,3,"Forest_disc_175","hayes"
2,1.5,0.3784,1.31119510439233e-22,3,"Forest_disc_175","hayes"
2,2.5,0.3713,1.31119510439233e-22,3,"Forest_disc_175","hayes"
2,3.5,0.2507,1.31119510439233e-22,3,"Forest_disc_175","hayes"
3,1.5,0.4362,6.61638574614471e-19,3,"Forest_disc_175","hayes"
3,2.5,0.3341,6.61638574614471e-19,3,"Forest_disc_175","hayes"
3,3.5,0.2297,6.61638574614471e-19,3,"Forest_disc_175","hayes"
4,1.5,0.456,4.68212270249197e-19,3,"Forest_disc_175","hayes"
4,2.5,0.3261,4.68212270249197e-19,3,"Forest_disc_175","hayes"
4,3.5,0.2179,4.68212270249197e-19,3,"Forest_disc_175","hayes"
1,1.5,0.5056,2.38397918749261e-16,3,"Forest_disc_200","hayes"
1,2,0.0212,2.38397918749261e-16,3,"Forest_disc_200","hayes"
1,2.5,0.4732,2.38397918749261e-16,3,"Forest_disc_200","hayes"
2,1.5,0.3798,5.2554803083398e-21,3,"Forest_disc_200","hayes"
2,2.5,0.3768,5.2554803083398e-21,3,"Forest_disc_200","hayes"
2,3.5,0.2435,5.2554803083398e-21,3,"Forest_disc_200","hayes"
3,1.5,0.4204,4.42934444261378e-19,3,"Forest_disc_200","hayes"
3,2.5,0.3275,4.42934444261378e-19,3,"Forest_disc_200","hayes"
3,3.5,0.2521,4.42934444261378e-19,3,"Forest_disc_200","hayes"
4,1.5,0.4592,2.75634450211015e-19,3,"Forest_disc_200","hayes"
4,2.5,0.3193,2.75634450211015e-19,3,"Forest_disc_200","hayes"
4,3.5,0.2212,2.75634450211015e-19,3,"Forest_disc_200","hayes"
1,1.5,0.4648,8.62727708947701e-17,4,"Forest_disc_25","hayes"
1,2,0.0404,8.62727708947701e-17,4,"Forest_disc_25","hayes"
1,2.5,0.495,8.62727708947701e-17,4,"Forest_disc_25","hayes"
2,1.5,0.3884,2.04023140367808e-18,4,"Forest_disc_25","hayes"
2,2.5,0.4331,2.04023140367808e-18,4,"Forest_disc_25","hayes"
2,3.5,0.1786,2.04023140367808e-18,4,"Forest_disc_25","hayes"
3,1.5,0.4105,6.69286645805578e-19,4,"Forest_disc_25","hayes"
3,2.5,0.3185,6.69286645805578e-19,4,"Forest_disc_25","hayes"
3,3.5,0.2711,6.69286645805578e-19,4,"Forest_disc_25","hayes"
4,1.5,0.4668,1.87969769954642e-22,4,"Forest_disc_25","hayes"
4,2.5,0.3372,1.87969769954642e-22,4,"Forest_disc_25","hayes"
4,3.5,0.1962,1.87969769954642e-22,4,"Forest_disc_25","hayes"
1,1.5,0.5256,5.36648607261079e-23,4,"Forest_disc_50","hayes"
1,2.5,0.4742,5.36648607261079e-23,4,"Forest_disc_50","hayes"
2,1.5,0.4296,1.09779011067219e-18,4,"Forest_disc_50","hayes"
2,2.5,0.3571,1.09779011067219e-18,4,"Forest_disc_50","hayes"
2,3.5,0.2131,1.09779011067219e-18,4,"Forest_disc_50","hayes"
3,1.5,0.3848,1.35949314519133e-17,4,"Forest_disc_50","hayes"
3,2.5,0.3617,1.35949314519133e-17,4,"Forest_disc_50","hayes"
3,3.5,0.2534,1.35949314519133e-17,4,"Forest_disc_50","hayes"
4,1.5,0.4625,9.86319054139356e-22,4,"Forest_disc_50","hayes"
4,2.5,0.3108,9.86319054139356e-22,4,"Forest_disc_50","hayes"
4,3.5,0.2265,9.86319054139356e-22,4,"Forest_disc_50","hayes"
1,1.5,0.5196,5.05222682048045e-17,4,"Forest_disc_75","hayes"
1,2,0.0213,5.05222682048045e-17,4,"Forest_disc_75","hayes"
1,2.5,0.4591,5.05222682048045e-17,4,"Forest_disc_75","hayes"
2,1.5,0.4384,4.80492533058534e-20,4,"Forest_disc_75","hayes"
2,2.5,0.3519,4.80492533058534e-20,4,"Forest_disc_75","hayes"
2,3.5,0.2093,4.80492533058534e-20,4,"Forest_disc_75","hayes"
3,1.5,0.3787,3.26723114782594e-18,4,"Forest_disc_75","hayes"
3,2.5,0.3833,3.26723114782594e-18,4,"Forest_disc_75","hayes"
3,3.5,0.2379,3.26723114782594e-18,4,"Forest_disc_75","hayes"
4,1.5,0.4605,1.84411915402341e-21,4,"Forest_disc_75","hayes"
4,2.5,0.3261,1.84411915402341e-21,4,"Forest_disc_75","hayes"
4,3.5,0.2134,1.84411915402341e-21,4,"Forest_disc_75","hayes"
1,1.5,0.5214,8.27292985308504e-17,4,"Forest_disc_100","hayes"
1,2,0.0214,8.27292985308504e-17,4,"Forest_disc_100","hayes"
1,2.5,0.4573,8.27292985308504e-17,4,"Forest_disc_100","hayes"
2,1.5,0.4512,1.60228076380123e-18,4,"Forest_disc_100","hayes"
2,2.5,0.3508,1.60228076380123e-18,4,"Forest_disc_100","hayes"
2,3.5,0.1982,1.60228076380123e-18,4,"Forest_disc_100","hayes"
3,1.5,0.3976,1.25089221239639e-20,4,"Forest_disc_100","hayes"
3,2.5,0.373,1.25089221239639e-20,4,"Forest_disc_100","hayes"
3,3.5,0.2296,1.25089221239639e-20,4,"Forest_disc_100","hayes"
4,1.5,0.4215,6.07778801690869e-22,4,"Forest_disc_100","hayes"
4,2.5,0.3582,6.07778801690869e-22,4,"Forest_disc_100","hayes"
4,3.5,0.2203,6.07778801690869e-22,4,"Forest_disc_100","hayes"
1,1.5,0.5297,5.58769672983917e-17,4,"Forest_disc_125","hayes"
1,2,0.0213,5.58769672983917e-17,4,"Forest_disc_125","hayes"
1,2.5,0.449,5.58769672983917e-17,4,"Forest_disc_125","hayes"
2,1.5,0.4078,9.04231600791299e-19,4,"Forest_disc_125","hayes"
2,2.5,0.3686,9.04231600791299e-19,4,"Forest_disc_125","hayes"
2,3.5,0.2236,9.04231600791299e-19,4,"Forest_disc_125","hayes"
3,1.5,0.3938,1.0872471463882e-18,4,"Forest_disc_125","hayes"
3,2.5,0.3567,1.0872471463882e-18,4,"Forest_disc_125","hayes"
3,3.5,0.2496,1.0872471463882e-18,4,"Forest_disc_125","hayes"
4,1.5,0.4648,4.66310748702517e-19,4,"Forest_disc_125","hayes"
4,2.5,0.3165,4.66310748702517e-19,4,"Forest_disc_125","hayes"
4,3.5,0.2188,4.66310748702517e-19,4,"Forest_disc_125","hayes"
1,1.5,0.506,3.08782540390369e-16,4,"Forest_disc_150","hayes"
1,2,0.0278,3.08782540390369e-16,4,"Forest_disc_150","hayes"
1,2.5,0.4662,3.08782540390369e-16,4,"Forest_disc_150","hayes"
2,1.5,0.4284,7.67395787198001e-19,4,"Forest_disc_150","hayes"
2,2.5,0.3471,7.67395787198001e-19,4,"Forest_disc_150","hayes"
2,3.5,0.2248,7.67395787198001e-19,4,"Forest_disc_150","hayes"
3,1.5,0.38,7.33539406383612e-21,4,"Forest_disc_150","hayes"
3,2.5,0.3809,7.33539406383612e-21,4,"Forest_disc_150","hayes"
3,3.5,0.2391,7.33539406383612e-21,4,"Forest_disc_150","hayes"
4,1.5,0.4464,3.76737998418543e-19,4,"Forest_disc_150","hayes"
4,2.5,0.3255,3.76737998418543e-19,4,"Forest_disc_150","hayes"
4,3.5,0.2283,3.76737998418543e-19,4,"Forest_disc_150","hayes"
1,1.5,0.5256,2.64158585420626e-17,4,"Forest_disc_175","hayes"
1,2,0.0406,2.64158585420626e-17,4,"Forest_disc_175","hayes"
1,2.5,0.434,2.64158585420626e-17,4,"Forest_disc_175","hayes"
2,1.5,0.432,1.17877865761954e-21,4,"Forest_disc_175","hayes"
2,2.5,0.3489,1.17877865761954e-21,4,"Forest_disc_175","hayes"
2,3.5,0.2189,1.17877865761954e-21,4,"Forest_disc_175","hayes"
3,1.5,0.3808,4.18108053140931e-20,4,"Forest_disc_175","hayes"
3,2.5,0.3793,4.18108053140931e-20,4,"Forest_disc_175","hayes"
3,3.5,0.24,4.18108053140931e-20,4,"Forest_disc_175","hayes"
4,1.5,0.466,5.19200777221051e-21,4,"Forest_disc_175","hayes"
4,2.5,0.315,5.19200777221051e-21,4,"Forest_disc_175","hayes"
4,3.5,0.2189,5.19200777221051e-21,4,"Forest_disc_175","hayes"
1,1.5,0.518,1.94014525172752e-17,4,"Forest_disc_200","hayes"
1,2,0.0366,1.94014525172752e-17,4,"Forest_disc_200","hayes"
1,2.5,0.4457,1.94014525172752e-17,4,"Forest_disc_200","hayes"
2,1.5,0.4214,9.13594597635118e-19,4,"Forest_disc_200","hayes"
2,2.5,0.3561,9.13594597635118e-19,4,"Forest_disc_200","hayes"
2,3.5,0.2223,9.13594597635118e-19,4,"Forest_disc_200","hayes"
3,1.5,0.3921,1.52005994346147e-18,4,"Forest_disc_200","hayes"
3,2.5,0.3691,1.52005994346147e-18,4,"Forest_disc_200","hayes"
3,3.5,0.2387,1.52005994346147e-18,4,"Forest_disc_200","hayes"
4,1.5,0.4724,3.81890464367665e-19,4,"Forest_disc_200","hayes"
4,2.5,0.3095,3.81890464367665e-19,4,"Forest_disc_200","hayes"
4,3.5,0.2181,3.81890464367665e-19,4,"Forest_disc_200","hayes"
1,1.5,0.5446,3.60128620030401e-16,5,"Forest_disc_25","hayes"
1,2,0.0098,3.60128620030401e-16,5,"Forest_disc_25","hayes"
1,2.5,0.4456,3.60128620030401e-16,5,"Forest_disc_25","hayes"
2,1.5,0.4415,7.15666464760243e-20,5,"Forest_disc_25","hayes"
2,2.5,0.3426,7.15666464760243e-20,5,"Forest_disc_25","hayes"
2,3.5,0.2157,7.15666464760243e-20,5,"Forest_disc_25","hayes"
3,1.5,0.4548,6.77622833675509e-19,5,"Forest_disc_25","hayes"
3,2.5,0.3256,6.77622833675509e-19,5,"Forest_disc_25","hayes"
3,3.5,0.2197,6.77622833675509e-19,5,"Forest_disc_25","hayes"
4,1.5,0.417,5.55133006536915e-21,5,"Forest_disc_25","hayes"
4,2.5,0.3733,5.55133006536915e-21,5,"Forest_disc_25","hayes"
4,3.5,0.2096,5.55133006536915e-21,5,"Forest_disc_25","hayes"
1,1.5,0.5515,9.48559560355684e-16,5,"Forest_disc_50","hayes"
1,2,0.0377,9.48559560355684e-16,5,"Forest_disc_50","hayes"
1,2.5,0.4109,9.48559560355684e-16,5,"Forest_disc_50","hayes"
2,1.5,0.421,1.11565750116016e-19,5,"Forest_disc_50","hayes"
2,2.5,0.3516,1.11565750116016e-19,5,"Forest_disc_50","hayes"
2,3.5,0.2274,1.11565750116016e-19,5,"Forest_disc_50","hayes"
3,1.5,0.413,2.24084000941249e-21,5,"Forest_disc_50","hayes"
3,2.5,0.3528,2.24084000941249e-21,5,"Forest_disc_50","hayes"
3,3.5,0.2339,2.24084000941249e-21,5,"Forest_disc_50","hayes"
4,1.5,0.3965,2.38846071358964e-18,5,"Forest_disc_50","hayes"
4,2.5,0.3808,2.38846071358964e-18,5,"Forest_disc_50","hayes"
4,3.5,0.2228,2.38846071358964e-18,5,"Forest_disc_50","hayes"
1,1.5,0.5565,1.11723032071853e-16,5,"Forest_disc_75","hayes"
1,2,0.0181,1.11723032071853e-16,5,"Forest_disc_75","hayes"
1,2.5,0.4255,1.11723032071853e-16,5,"Forest_disc_75","hayes"
2,1.5,0.422,7.28098704735534e-22,5,"Forest_disc_75","hayes"
2,2.5,0.3615,7.28098704735534e-22,5,"Forest_disc_75","hayes"
2,3.5,0.2165,7.28098704735534e-22,5,"Forest_disc_75","hayes"
3,1.5,0.4018,2.50718386602139e-18,5,"Forest_disc_75","hayes"
3,2.5,0.3708,2.50718386602139e-18,5,"Forest_disc_75","hayes"
3,3.5,0.2274,2.50718386602139e-18,5,"Forest_disc_75","hayes"
4,1.5,0.444,6.71696266884129e-19,5,"Forest_disc_75","hayes"
4,2.5,0.3558,6.71696266884129e-19,5,"Forest_disc_75","hayes"
4,3.5,0.2,6.71696266884129e-19,5,"Forest_disc_75","hayes"
1,1.5,0.539,1.37568811244454e-16,5,"Forest_disc_100","hayes"
1,2,0.0024,1.37568811244454e-16,5,"Forest_disc_100","hayes"
1,2.5,0.4584,1.37568811244454e-16,5,"Forest_disc_100","hayes"
2,1.5,0.424,1.49661304989703e-21,5,"Forest_disc_100","hayes"
2,2.5,0.3788,1.49661304989703e-21,5,"Forest_disc_100","hayes"
2,3.5,0.1971,1.49661304989703e-21,5,"Forest_disc_100","hayes"
3,1.5,0.4314,2.12205113680495e-18,5,"Forest_disc_100","hayes"
3,2.5,0.3386,2.12205113680495e-18,5,"Forest_disc_100","hayes"
3,3.5,0.2298,2.12205113680495e-18,5,"Forest_disc_100","hayes"
4,1.5,0.4239,1.66890286416334e-19,5,"Forest_disc_100","hayes"
4,2.5,0.3494,1.66890286416334e-19,5,"Forest_disc_100","hayes"
4,3.5,0.2265,1.66890286416334e-19,5,"Forest_disc_100","hayes"
1,1.5,0.5362,7.38468163224686e-18,5,"Forest_disc_125","hayes"
1,2,0.0059,7.38468163224686e-18,5,"Forest_disc_125","hayes"
1,2.5,0.4579,7.38468163224686e-18,5,"Forest_disc_125","hayes"
2,1.5,0.4088,4.60533766145583e-19,5,"Forest_disc_125","hayes"
2,2.5,0.3766,4.60533766145583e-19,5,"Forest_disc_125","hayes"
2,3.5,0.2146,4.60533766145583e-19,5,"Forest_disc_125","hayes"
3,1.5,0.4392,4.66764742293658e-20,5,"Forest_disc_125","hayes"
3,2.5,0.3407,4.66764742293658e-20,5,"Forest_disc_125","hayes"
3,3.5,0.22,4.66764742293658e-20,5,"Forest_disc_125","hayes"
4,1.5,0.4101,1.65536223053505e-18,5,"Forest_disc_125","hayes"
4,2.5,0.3784,1.65536223053505e-18,5,"Forest_disc_125","hayes"
4,3.5,0.2114,1.65536223053505e-18,5,"Forest_disc_125","hayes"
1,1.5,0.5548,9.01269717714492e-16,5,"Forest_disc_150","hayes"
1,2,0.0102,9.01269717714492e-16,5,"Forest_disc_150","hayes"
1,2.5,0.4351,9.01269717714492e-16,5,"Forest_disc_150","hayes"
2,1.5,0.427,1.79095041329727e-19,5,"Forest_disc_150","hayes"
2,2.5,0.3535,1.79095041329727e-19,5,"Forest_disc_150","hayes"
2,3.5,0.2196,1.79095041329727e-19,5,"Forest_disc_150","hayes"
3,1.5,0.4263,6.82258219621716e-19,5,"Forest_disc_150","hayes"
3,2.5,0.3439,6.82258219621716e-19,5,"Forest_disc_150","hayes"
3,3.5,0.2299,6.82258219621716e-19,5,"Forest_disc_150","hayes"
4,1.5,0.4312,3.6215428738548e-19,5,"Forest_disc_150","hayes"
4,2.5,0.3506,3.6215428738548e-19,5,"Forest_disc_150","hayes"
4,3.5,0.2186,3.6215428738548e-19,5,"Forest_disc_150","hayes"
1,1.5,0.516,5.48529679553284e-16,5,"Forest_disc_175","hayes"
1,2,0.02,5.48529679553284e-16,5,"Forest_disc_175","hayes"
1,2.5,0.4643,5.48529679553284e-16,5,"Forest_disc_175","hayes"
2,1.5,0.4256,1.38900783224279e-19,5,"Forest_disc_175","hayes"
2,2.5,0.3715,1.38900783224279e-19,5,"Forest_disc_175","hayes"
2,3.5,0.2028,1.38900783224279e-19,5,"Forest_disc_175","hayes"
3,1.5,0.425,2.56868808909616e-18,5,"Forest_disc_175","hayes"
3,2.5,0.3366,2.56868808909616e-18,5,"Forest_disc_175","hayes"
3,3.5,0.2383,2.56868808909616e-18,5,"Forest_disc_175","hayes"
4,1.5,0.4315,1.31312173437848e-18,5,"Forest_disc_175","hayes"
4,2.5,0.3554,1.31312173437848e-18,5,"Forest_disc_175","hayes"
4,3.5,0.2131,1.31312173437848e-18,5,"Forest_disc_175","hayes"
1,1.5,0.5377,4.29289110715074e-16,5,"Forest_disc_200","hayes"
1,2,0.017,4.29289110715074e-16,5,"Forest_disc_200","hayes"
1,2.5,0.4453,4.29289110715074e-16,5,"Forest_disc_200","hayes"
2,1.5,0.4266,4.00758100639614e-22,5,"Forest_disc_200","hayes"
2,2.5,0.3648,4.00758100639614e-22,5,"Forest_disc_200","hayes"
2,3.5,0.2087,4.00758100639614e-22,5,"Forest_disc_200","hayes"
3,1.5,0.4275,1.93712324027836e-22,5,"Forest_disc_200","hayes"
3,2.5,0.3451,1.93712324027836e-22,5,"Forest_disc_200","hayes"
3,3.5,0.2276,1.93712324027836e-22,5,"Forest_disc_200","hayes"
4,1.5,0.4185,1.70770072601621e-20,5,"Forest_disc_200","hayes"
4,2.5,0.3687,1.70770072601621e-20,5,"Forest_disc_200","hayes"
4,3.5,0.2129,1.70770072601621e-20,5,"Forest_disc_200","hayes"
1,1.5,0.4942,2.88301645005533e-16,6,"Forest_disc_25","hayes"
1,2,0.0235,2.88301645005533e-16,6,"Forest_disc_25","hayes"
1,2.5,0.4824,2.88301645005533e-16,6,"Forest_disc_25","hayes"
2,1.5,0.3492,6.56602564987938e-18,6,"Forest_disc_25","hayes"
2,2.5,0.4048,6.56602564987938e-18,6,"Forest_disc_25","hayes"
2,3.5,0.246,6.56602564987938e-18,6,"Forest_disc_25","hayes"
3,1.5,0.4522,3.28990733173834e-19,6,"Forest_disc_25","hayes"
3,2.5,0.3327,3.28990733173834e-19,6,"Forest_disc_25","hayes"
3,3.5,0.2154,3.28990733173834e-19,6,"Forest_disc_25","hayes"
4,1.5,0.501,1.54713830508774e-19,6,"Forest_disc_25","hayes"
4,2.5,0.2923,1.54713830508774e-19,6,"Forest_disc_25","hayes"
4,3.5,0.2066,1.54713830508774e-19,6,"Forest_disc_25","hayes"
1,1.5,0.5288,1.53236817089006e-17,6,"Forest_disc_50","hayes"
1,2,0.0384,1.53236817089006e-17,6,"Forest_disc_50","hayes"
1,2.5,0.4327,1.53236817089006e-17,6,"Forest_disc_50","hayes"
2,1.5,0.3666,1.69655419308603e-18,6,"Forest_disc_50","hayes"
2,2.5,0.3743,1.69655419308603e-18,6,"Forest_disc_50","hayes"
2,3.5,0.259,1.69655419308603e-18,6,"Forest_disc_50","hayes"
3,1.5,0.4182,2.19855413533153e-18,6,"Forest_disc_50","hayes"
3,2.5,0.3708,2.19855413533153e-18,6,"Forest_disc_50","hayes"
3,3.5,0.2111,2.19855413533153e-18,6,"Forest_disc_50","hayes"
4,1.5,0.4446,8.91013265073694e-19,6,"Forest_disc_50","hayes"
4,2.5,0.3342,8.91013265073694e-19,6,"Forest_disc_50","hayes"
4,3.5,0.2213,8.91013265073694e-19,6,"Forest_disc_50","hayes"
1,1.5,0.5175,7.16817754780345e-17,6,"Forest_disc_75","hayes"
1,2,0.0221,7.16817754780345e-17,6,"Forest_disc_75","hayes"
1,2.5,0.4606,7.16817754780345e-17,6,"Forest_disc_75","hayes"
2,1.5,0.3916,2.12645922141172e-18,6,"Forest_disc_75","hayes"
2,2.5,0.3844,2.12645922141172e-18,6,"Forest_disc_75","hayes"
2,3.5,0.2239,2.12645922141172e-18,6,"Forest_disc_75","hayes"
3,1.5,0.4296,1.06820946971979e-21,6,"Forest_disc_75","hayes"
3,2.5,0.3426,1.06820946971979e-21,6,"Forest_disc_75","hayes"
3,3.5,0.2279,1.06820946971979e-21,6,"Forest_disc_75","hayes"
4,1.5,0.468,2.27035059217791e-19,6,"Forest_disc_75","hayes"
4,2.5,0.3182,2.27035059217791e-19,6,"Forest_disc_75","hayes"
4,3.5,0.2138,2.27035059217791e-19,6,"Forest_disc_75","hayes"
1,1.5,0.4803,2.90846452044331e-16,6,"Forest_disc_100","hayes"
1,2,0.0494,2.90846452044331e-16,6,"Forest_disc_100","hayes"
1,2.5,0.4704,2.90846452044331e-16,6,"Forest_disc_100","hayes"
2,1.5,0.3624,7.14845799903901e-18,6,"Forest_disc_100","hayes"
2,2.5,0.3904,7.14845799903901e-18,6,"Forest_disc_100","hayes"
2,3.5,0.2472,7.14845799903901e-18,6,"Forest_disc_100","hayes"
3,1.5,0.4438,6.7251151001441e-19,6,"Forest_disc_100","hayes"
3,2.5,0.3308,6.7251151001441e-19,6,"Forest_disc_100","hayes"
3,3.5,0.2253,6.7251151001441e-19,6,"Forest_disc_100","hayes"
4,1.5,0.4798,3.36909342453014e-21,6,"Forest_disc_100","hayes"
4,2.5,0.2898,3.36909342453014e-21,6,"Forest_disc_100","hayes"
4,3.5,0.2305,3.36909342453014e-21,6,"Forest_disc_100","hayes"
1,1.5,0.4914,5.35995374175219e-17,6,"Forest_disc_125","hayes"
1,2,0.0544,5.35995374175219e-17,6,"Forest_disc_125","hayes"
1,2.5,0.454,5.35995374175219e-17,6,"Forest_disc_125","hayes"
2,1.5,0.3808,1.4467976881826e-19,6,"Forest_disc_125","hayes"
2,2.5,0.3867,1.4467976881826e-19,6,"Forest_disc_125","hayes"
2,3.5,0.2324,1.4467976881826e-19,6,"Forest_disc_125","hayes"
3,1.5,0.41,4.49406736237713e-22,6,"Forest_disc_125","hayes"
3,2.5,0.3626,4.49406736237713e-22,6,"Forest_disc_125","hayes"
3,3.5,0.2274,4.49406736237713e-22,6,"Forest_disc_125","hayes"
4,1.5,0.4612,5.88661096586318e-21,6,"Forest_disc_125","hayes"
4,2.5,0.3214,5.88661096586318e-21,6,"Forest_disc_125","hayes"
4,3.5,0.2174,5.88661096586318e-21,6,"Forest_disc_125","hayes"
1,1.5,0.525,5.54600343320096e-17,6,"Forest_disc_150","hayes"
1,2,0.0485,5.54600343320096e-17,6,"Forest_disc_150","hayes"
1,2.5,0.4264,5.54600343320096e-17,6,"Forest_disc_150","hayes"
2,1.5,0.3936,4.85105271149284e-19,6,"Forest_disc_150","hayes"
2,2.5,0.375,4.85105271149284e-19,6,"Forest_disc_150","hayes"
2,3.5,0.2313,4.85105271149284e-19,6,"Forest_disc_150","hayes"
3,1.5,0.4466,1.9927354409977e-20,6,"Forest_disc_150","hayes"
3,2.5,0.3267,1.9927354409977e-20,6,"Forest_disc_150","hayes"
3,3.5,0.2267,1.9927354409977e-20,6,"Forest_disc_150","hayes"
4,1.5,0.452,1.73696127164208e-18,6,"Forest_disc_150","hayes"
4,2.5,0.3158,1.73696127164208e-18,6,"Forest_disc_150","hayes"
4,3.5,0.2324,1.73696127164208e-18,6,"Forest_disc_150","hayes"
1,1.5,0.5076,2.19667427212342e-16,6,"Forest_disc_175","hayes"
1,2,0.0319,2.19667427212342e-16,6,"Forest_disc_175","hayes"
1,2.5,0.4606,2.19667427212342e-16,6,"Forest_disc_175","hayes"
2,1.5,0.394,9.71993910586338e-22,6,"Forest_disc_175","hayes"
2,2.5,0.3752,9.71993910586338e-22,6,"Forest_disc_175","hayes"
2,3.5,0.2308,9.71993910586338e-22,6,"Forest_disc_175","hayes"
3,1.5,0.417,2.03735320850908e-21,6,"Forest_disc_175","hayes"
3,2.5,0.351,2.03735320850908e-21,6,"Forest_disc_175","hayes"
3,3.5,0.2319,2.03735320850908e-21,6,"Forest_disc_175","hayes"
4,1.5,0.4438,3.59540903400084e-19,6,"Forest_disc_175","hayes"
4,2.5,0.3124,3.59540903400084e-19,6,"Forest_disc_175","hayes"
4,3.5,0.2437,3.59540903400084e-19,6,"Forest_disc_175","hayes"
1,1.5,0.498,2.60810589326295e-16,6,"Forest_disc_200","hayes"
1,2,0.0411,2.60810589326295e-16,6,"Forest_disc_200","hayes"
1,2.5,0.4607,2.60810589326295e-16,6,"Forest_disc_200","hayes"
2,1.5,0.387,5.45220834736843e-20,6,"Forest_disc_200","hayes"
2,2.5,0.3738,5.45220834736843e-20,6,"Forest_disc_200","hayes"
2,3.5,0.239,5.45220834736843e-20,6,"Forest_disc_200","hayes"
3,1.5,0.4176,1.22262959073901e-19,6,"Forest_disc_200","hayes"
3,2.5,0.3494,1.22262959073901e-19,6,"Forest_disc_200","hayes"
3,3.5,0.2331,1.22262959073901e-19,6,"Forest_disc_200","hayes"
4,1.5,0.4648,7.6973848412203e-20,6,"Forest_disc_200","hayes"
4,2.6,0.3103,7.6973848412203e-20,6,"Forest_disc_200","hayes"
4,3.5,0.2252,7.6973848412203e-20,6,"Forest_disc_200","hayes"
1,1.5,0.5636,8.8665030500092e-16,7,"Forest_disc_25","hayes"
1,2,0.0318,8.8665030500092e-16,7,"Forest_disc_25","hayes"
1,2.5,0.4044,8.8665030500092e-16,7,"Forest_disc_25","hayes"
2,1.5,0.4305,1.56534300143367e-19,7,"Forest_disc_25","hayes"
2,2.5,0.3556,1.56534300143367e-19,7,"Forest_disc_25","hayes"
2,3.5,0.2138,1.56534300143367e-19,7,"Forest_disc_25","hayes"
3,1.5,0.4182,2.87355640429034e-19,7,"Forest_disc_25","hayes"
3,2.5,0.3414,2.87355640429034e-19,7,"Forest_disc_25","hayes"
3,3.5,0.2403,2.87355640429034e-19,7,"Forest_disc_25","hayes"
4,1.5,0.4596,1.53392133116551e-18,7,"Forest_disc_25","hayes"
4,2.5,0.3407,1.53392133116551e-18,7,"Forest_disc_25","hayes"
4,3.5,0.1997,1.53392133116551e-18,7,"Forest_disc_25","hayes"
1,1.5,0.5278,1.64289178514809e-16,7,"Forest_disc_50","hayes"
1,2,0.0304,1.64289178514809e-16,7,"Forest_disc_50","hayes"
1,2.5,0.4417,1.64289178514809e-16,7,"Forest_disc_50","hayes"
2,1.5,0.3888,2.61423308389726e-20,7,"Forest_disc_50","hayes"
2,2.5,0.3578,2.61423308389726e-20,7,"Forest_disc_50","hayes"
2,3.5,0.2531,2.61423308389726e-20,7,"Forest_disc_50","hayes"
3,1.5,0.4032,2.46803675567981e-21,7,"Forest_disc_50","hayes"
3,2.5,0.3496,2.46803675567981e-21,7,"Forest_disc_50","hayes"
3,3.5,0.2472,2.46803675567981e-21,7,"Forest_disc_50","hayes"
4,1.5,0.4568,1.25070846079453e-21,7,"Forest_disc_50","hayes"
4,2.5,0.3317,1.25070846079453e-21,7,"Forest_disc_50","hayes"
4,3.5,0.2117,1.25070846079453e-21,7,"Forest_disc_50","hayes"
1,1.5,0.5495,9.16888624304825e-17,7,"Forest_disc_75","hayes"
1,2,0.0427,9.16888624304825e-17,7,"Forest_disc_75","hayes"
1,2.5,0.4079,9.16888624304825e-17,7,"Forest_disc_75","hayes"
2,1.5,0.396,3.90035876229161e-20,7,"Forest_disc_75","hayes"
2,2.5,0.3832,3.90035876229161e-20,7,"Forest_disc_75","hayes"
2,3.5,0.2206,3.90035876229161e-20,7,"Forest_disc_75","hayes"
3,1.5,0.4052,1.6373855522453e-21,7,"Forest_disc_75","hayes"
3,2.5,0.3612,1.6373855522453e-21,7,"Forest_disc_75","hayes"
3,3.5,0.2337,1.6373855522453e-21,7,"Forest_disc_75","hayes"
4,1.5,0.4532,3.57379737022008e-19,7,"Forest_disc_75","hayes"
4,2.5,0.3431,3.57379737022008e-19,7,"Forest_disc_75","hayes"
4,3.5,0.2038,3.57379737022008e-19,7,"Forest_disc_75","hayes"
1,1.5,0.5561,9.19673067350337e-16,7,"Forest_disc_100","hayes"
1,2,0.0298,9.19673067350337e-16,7,"Forest_disc_100","hayes"
1,2.5,0.4141,9.19673067350337e-16,7,"Forest_disc_100","hayes"
2,1.5,0.4232,1.20612266046182e-18,7,"Forest_disc_100","hayes"
2,2.5,0.3638,1.20612266046182e-18,7,"Forest_disc_100","hayes"
2,3.5,0.213,1.20612266046182e-18,7,"Forest_disc_100","hayes"
3,1.5,0.4102,2.31446844251501e-18,7,"Forest_disc_100","hayes"
3,2.5,0.3452,2.31446844251501e-18,7,"Forest_disc_100","hayes"
3,3.5,0.2445,2.31446844251501e-18,7,"Forest_disc_100","hayes"
4,1.5,0.4588,7.73006069604449e-19,7,"Forest_disc_100","hayes"
4,2.5,0.3294,7.73006069604449e-19,7,"Forest_disc_100","hayes"
4,3.5,0.2119,7.73006069604449e-19,7,"Forest_disc_100","hayes"
1,1.5,0.5488,1.62801657106452e-16,7,"Forest_disc_125","hayes"
1,2,0.0268,1.62801657106452e-16,7,"Forest_disc_125","hayes"
1,2.5,0.4248,1.62801657106452e-16,7,"Forest_disc_125","hayes"
2,1.5,0.4108,2.6040291085278e-21,7,"Forest_disc_125","hayes"
2,2.5,0.3453,2.6040291085278e-21,7,"Forest_disc_125","hayes"
2,3.5,0.2439,2.6040291085278e-21,7,"Forest_disc_125","hayes"
3,1.5,0.4165,1.40929217139836e-19,7,"Forest_disc_125","hayes"
3,2.5,0.3519,1.40929217139836e-19,7,"Forest_disc_125","hayes"
3,3.5,0.2315,1.40929217139836e-19,7,"Forest_disc_125","hayes"
4,1.5,0.4556,8.14341246768014e-19,7,"Forest_disc_125","hayes"
4,2.5,0.3349,8.14341246768014e-19,7,"Forest_disc_125","hayes"
4,3.5,0.2097,8.14341246768014e-19,7,"Forest_disc_125","hayes"
1,1.5,0.5163,1.6468480298588e-17,7,"Forest_disc_150","hayes"
1,2,0.0398,1.6468480298588e-17,7,"Forest_disc_150","hayes"
1,2.5,0.4439,1.6468480298588e-17,7,"Forest_disc_150","hayes"
2,1.5,0.4234,3.97784342763529e-23,7,"Forest_disc_150","hayes"
2,2.5,0.3609,3.97784342763529e-23,7,"Forest_disc_150","hayes"
2,3.5,0.2156,3.97784342763529e-23,7,"Forest_disc_150","hayes"
3,1.5,0.396,1.44688364742461e-19,7,"Forest_disc_150","hayes"
3,2.5,0.3515,1.44688364742461e-19,7,"Forest_disc_150","hayes"
3,3.5,0.2525,1.44688364742461e-19,7,"Forest_disc_150","hayes"
4,1.5,0.4571,3.32113156004978e-23,7,"Forest_disc_150","hayes"
4,2.5,0.3205,3.32113156004978e-23,7,"Forest_disc_150","hayes"
4,3.5,0.2227,3.32113156004978e-23,7,"Forest_disc_150","hayes"
1,1.5,0.5304,2.72688956085214e-16,7,"Forest_disc_175","hayes"
1,2,0.0312,2.72688956085214e-16,7,"Forest_disc_175","hayes"
1,2.5,0.4382,2.72688956085214e-16,7,"Forest_disc_175","hayes"
2,1.5,0.4172,1.01154489847109e-21,7,"Forest_disc_175","hayes"
2,2.5,0.3678,1.01154489847109e-21,7,"Forest_disc_175","hayes"
2,3.5,0.215,1.01154489847109e-21,7,"Forest_disc_175","hayes"
3,1.5,0.4094,2.22937277005106e-18,7,"Forest_disc_175","hayes"
3,2.5,0.3363,2.22937277005106e-18,7,"Forest_disc_175","hayes"
3,3.5,0.2543,2.22937277005106e-18,7,"Forest_disc_175","hayes"
4,1.5,0.466,1.88683201888767e-20,7,"Forest_disc_175","hayes"
4,2.5,0.3201,1.88683201888767e-20,7,"Forest_disc_175","hayes"
4,3.5,0.2138,1.88683201888767e-20,7,"Forest_disc_175","hayes"
1,1.5,0.5336,1.21153400989428e-16,7,"Forest_disc_200","hayes"
1,2,0.0324,1.21153400989428e-16,7,"Forest_disc_200","hayes"
1,2.5,0.4338,1.21153400989428e-16,7,"Forest_disc_200","hayes"
2,1.5,0.4129,1.41897088058574e-21,7,"Forest_disc_200","hayes"
2,2.5,0.3625,1.41897088058574e-21,7,"Forest_disc_200","hayes"
2,3.5,0.2246,1.41897088058574e-21,7,"Forest_disc_200","hayes"
3,1.5,0.398,2.5521221579488e-21,7,"Forest_disc_200","hayes"
3,2.5,0.3518,2.5521221579488e-21,7,"Forest_disc_200","hayes"
3,3.5,0.2501,2.5521221579488e-21,7,"Forest_disc_200","hayes"
4,1.5,0.4662,4.48982210208769e-19,7,"Forest_disc_200","hayes"
4,2.5,0.3237,4.48982210208769e-19,7,"Forest_disc_200","hayes"
4,3.5,0.2104,4.48982210208769e-19,7,"Forest_disc_200","hayes"
1,1.5,0.5504,3.82344859378448e-16,8,"Forest_disc_25","hayes"
1,2,0.0091,3.82344859378448e-16,8,"Forest_disc_25","hayes"
1,2.5,0.4405,3.82344859378448e-16,8,"Forest_disc_25","hayes"
2,1.5,0.468,7.64788461955642e-19,8,"Forest_disc_25","hayes"
2,2.5,0.2908,7.64788461955642e-19,8,"Forest_disc_25","hayes"
2,3.5,0.241,7.64788461955642e-19,8,"Forest_disc_25","hayes"
3,1.5,0.432,8.75330649205339e-20,8,"Forest_disc_25","hayes"
3,2.5,0.352,8.75330649205339e-20,8,"Forest_disc_25","hayes"
3,3.5,0.216,8.75330649205339e-20,8,"Forest_disc_25","hayes"
4,1.5,0.4419,2.3568563134939e-19,8,"Forest_disc_25","hayes"
4,2.5,0.3249,2.3568563134939e-19,8,"Forest_disc_25","hayes"
4,3.5,0.2333,2.3568563134939e-19,8,"Forest_disc_25","hayes"
1,1.5,0.5277,6.98893234838067e-17,8,"Forest_disc_50","hayes"
1,2,0.015,6.98893234838067e-17,8,"Forest_disc_50","hayes"
1,2.5,0.4573,6.98893234838067e-17,8,"Forest_disc_50","hayes"
2,1.5,0.4805,3.43928412803676e-19,8,"Forest_disc_50","hayes"
2,2.5,0.3143,3.43928412803676e-19,8,"Forest_disc_50","hayes"
2,3.5,0.205,3.43928412803676e-19,8,"Forest_disc_50","hayes"
3,1.5,0.4074,4.32336959824993e-23,8,"Forest_disc_50","hayes"
3,2.5,0.3854,4.32336959824993e-23,8,"Forest_disc_50","hayes"
3,3.5,0.2071,4.32336959824993e-23,8,"Forest_disc_50","hayes"
4,1.5,0.4256,1.23100680920571e-21,8,"Forest_disc_50","hayes"
4,2.5,0.3625,1.23100680920571e-21,8,"Forest_disc_50","hayes"
4,3.5,0.2119,1.23100680920571e-21,8,"Forest_disc_50","hayes"
1,1.5,0.4935,5.75217822658898e-17,8,"Forest_disc_75","hayes"
1,2,0.0097,5.75217822658898e-17,8,"Forest_disc_75","hayes"
1,2.5,0.4968,5.75217822658898e-17,8,"Forest_disc_75","hayes"
2,1.5,0.4775,1.99782592281697e-21,8,"Forest_disc_75","hayes"
2,2.5,0.3079,1.99782592281697e-21,8,"Forest_disc_75","hayes"
2,3.5,0.2146,1.99782592281697e-21,8,"Forest_disc_75","hayes"
3,1.5,0.423,3.20920071437129e-19,8,"Forest_disc_75","hayes"
3,2.5,0.3426,3.20920071437129e-19,8,"Forest_disc_75","hayes"
3,3.5,0.2344,3.20920071437129e-19,8,"Forest_disc_75","hayes"
4,1.5,0.402,2.56544892701404e-18,8,"Forest_disc_75","hayes"
4,2.5,0.3577,2.56544892701404e-18,8,"Forest_disc_75","hayes"
4,3.5,0.2403,2.56544892701404e-18,8,"Forest_disc_75","hayes"
1,1.5,0.467,1.28071339533214e-15,8,"Forest_disc_100","hayes"
1,2,0.0075,1.28071339533214e-15,8,"Forest_disc_100","hayes"
1,2.5,0.5255,1.28071339533214e-15,8,"Forest_disc_100","hayes"
2,1.5,0.452,1.023138265629e-20,8,"Forest_disc_100","hayes"
2,2.5,0.3472,1.023138265629e-20,8,"Forest_disc_100","hayes"
2,3.5,0.2006,1.023138265629e-20,8,"Forest_disc_100","hayes"
3,1.5,0.4504,7.58292534322309e-23,8,"Forest_disc_100","hayes"
3,2.5,0.3405,7.58292534322309e-23,8,"Forest_disc_100","hayes"
3,3.5,0.2092,7.58292534322309e-23,8,"Forest_disc_100","hayes"
4,1.5,0.424,7.79291854102817e-19,8,"Forest_disc_100","hayes"
4,2.5,0.3475,7.79291854102817e-19,8,"Forest_disc_100","hayes"
4,3.5,0.2286,7.79291854102817e-19,8,"Forest_disc_100","hayes"
1,1.5,0.507,5.50229060143571e-16,8,"Forest_disc_125","hayes"
1,2,0.0141,5.50229060143571e-16,8,"Forest_disc_125","hayes"
1,2.5,0.4789,5.50229060143571e-16,8,"Forest_disc_125","hayes"
2,1.5,0.4445,1.44470995014024e-18,8,"Forest_disc_125","hayes"
2,2.5,0.3215,1.44470995014024e-18,8,"Forest_disc_125","hayes"
2,3.5,0.2337,1.44470995014024e-18,8,"Forest_disc_125","hayes"
3,1.5,0.441,2.94782042703016e-18,8,"Forest_disc_125","hayes"
3,2.5,0.3475,2.94782042703016e-18,8,"Forest_disc_125","hayes"
3,3.5,0.2118,2.94782042703016e-18,8,"Forest_disc_125","hayes"
4,1.5,0.4392,6.43869830423247e-19,8,"Forest_disc_125","hayes"
4,2.5,0.343,6.43869830423247e-19,8,"Forest_disc_125","hayes"
4,3.5,0.2175,6.43869830423247e-19,8,"Forest_disc_125","hayes"
1,1.5,0.4925,6.33754037700967e-16,8,"Forest_disc_150","hayes"
1,2,0.017,6.33754037700967e-16,8,"Forest_disc_150","hayes"
1,2.5,0.4907,6.33754037700967e-16,8,"Forest_disc_150","hayes"
2,1.5,0.4384,2.26150626773391e-23,8,"Forest_disc_150","hayes"
2,2.5,0.3362,2.26150626773391e-23,8,"Forest_disc_150","hayes"
2,3.5,0.2253,2.26150626773391e-23,8,"Forest_disc_150","hayes"
3,1.5,0.4501,9.02198435330786e-19,8,"Forest_disc_150","hayes"
3,2.5,0.3276,9.02198435330786e-19,8,"Forest_disc_150","hayes"
3,3.5,0.2227,9.02198435330786e-19,8,"Forest_disc_150","hayes"
4,1.5,0.4205,2.51650913997556e-21,8,"Forest_disc_150","hayes"
4,2.5,0.3509,2.51650913997556e-21,8,"Forest_disc_150","hayes"
4,3.5,0.2286,2.51650913997556e-21,8,"Forest_disc_150","hayes"
1,1.5,0.522,4.41897421199137e-16,8,"Forest_disc_175","hayes"
1,2,0.0113,4.41897421199137e-16,8,"Forest_disc_175","hayes"
1,2.5,0.4667,4.41897421199137e-16,8,"Forest_disc_175","hayes"
2,1.5,0.4521,1.04963426024915e-19,8,"Forest_disc_175","hayes"
2,2.5,0.3269,1.04963426024915e-19,8,"Forest_disc_175","hayes"
2,3.5,0.2209,1.04963426024915e-19,8,"Forest_disc_175","hayes"
3,1.5,0.4296,8.68467409737431e-22,8,"Forest_disc_175","hayes"
3,2.5,0.3622,8.68467409737431e-22,8,"Forest_disc_175","hayes"
3,3.5,0.2084,8.68467409737431e-22,8,"Forest_disc_175","hayes"
4,1.5,0.4228,7.39695199597188e-19,8,"Forest_disc_175","hayes"
4,2.5,0.3495,7.39695199597188e-19,8,"Forest_disc_175","hayes"
4,3.5,0.2277,7.39695199597188e-19,8,"Forest_disc_175","hayes"
1,1.5,0.516,2.0293778549025e-16,8,"Forest_disc_200","hayes"
1,2,0.0149,2.0293778549025e-16,8,"Forest_disc_200","hayes"
1,2.5,0.4689,2.0293778549025e-16,8,"Forest_disc_200","hayes"
2,1.5,0.428,1.05352272095436e-18,8,"Forest_disc_200","hayes"
2,2.5,0.3421,1.05352272095436e-18,8,"Forest_disc_200","hayes"
2,3.5,0.2299,1.05352272095436e-18,8,"Forest_disc_200","hayes"
3,1.5,0.4489,1.58650884089089e-21,8,"Forest_disc_200","hayes"
3,2.5,0.3308,1.58650884089089e-21,8,"Forest_disc_200","hayes"
3,3.5,0.2202,1.58650884089089e-21,8,"Forest_disc_200","hayes"
4,1.5,0.4167,1.14641506721712e-18,8,"Forest_disc_200","hayes"
4,2.5,0.347,1.14641506721712e-18,8,"Forest_disc_200","hayes"
4,3.5,0.2363,1.14641506721712e-18,8,"Forest_disc_200","hayes"
1,1.5,0.563,1.65383107010336e-17,9,"Forest_disc_25","hayes"
1,2,0.0194,1.65383107010336e-17,9,"Forest_disc_25","hayes"
1,2.5,0.4175,1.65383107010336e-17,9,"Forest_disc_25","hayes"
2,1.5,0.3955,1.36253242633636e-19,9,"Forest_disc_25","hayes"
2,2.5,0.3674,1.36253242633636e-19,9,"Forest_disc_25","hayes"
2,3.5,0.2372,1.36253242633636e-19,9,"Forest_disc_25","hayes"
3,1.5,0.3894,9.58299540579412e-19,9,"Forest_disc_25","hayes"
3,2.5,0.3491,9.58299540579412e-19,9,"Forest_disc_25","hayes"
3,3.5,0.2615,9.58299540579412e-19,9,"Forest_disc_25","hayes"
4,1.5,0.4638,2.85760300044496e-21,9,"Forest_disc_25","hayes"
4,2.5,0.3191,2.85760300044496e-21,9,"Forest_disc_25","hayes"
4,3.5,0.2171,2.85760300044496e-21,9,"Forest_disc_25","hayes"
1,1.5,0.576,4.61409495094763e-17,9,"Forest_disc_50","hayes"
1,2,0.0252,4.61409495094763e-17,9,"Forest_disc_50","hayes"
1,2.5,0.399,4.61409495094763e-17,9,"Forest_disc_50","hayes"
2,1.5,0.4464,1.95473877544211e-18,9,"Forest_disc_50","hayes"
2,2.5,0.3398,1.95473877544211e-18,9,"Forest_disc_50","hayes"
2,3.5,0.2138,1.95473877544211e-18,9,"Forest_disc_50","hayes"
3,1.5,0.39,1.24181837846454e-18,9,"Forest_disc_50","hayes"
3,2.5,0.3846,1.24181837846454e-18,9,"Forest_disc_50","hayes"
3,3.5,0.2255,1.24181837846454e-18,9,"Forest_disc_50","hayes"
4,1.5,0.42,1.58789770017783e-18,9,"Forest_disc_50","hayes"
4,2.5,0.3534,1.58789770017783e-18,9,"Forest_disc_50","hayes"
4,3.5,0.2266,1.58789770017783e-18,9,"Forest_disc_50","hayes"
1,1.5,0.5538,2.53979150621146e-17,9,"Forest_disc_75","hayes"
1,2,0.0321,2.53979150621146e-17,9,"Forest_disc_75","hayes"
1,2.5,0.4143,2.53979150621146e-17,9,"Forest_disc_75","hayes"
2,1.5,0.4526,1.67197396127463e-20,9,"Forest_disc_75","hayes"
2,2.5,0.3392,1.67197396127463e-20,9,"Forest_disc_75","hayes"
2,3.5,0.2081,1.67197396127463e-20,9,"Forest_disc_75","hayes"
3,1.5,0.3456,2.8526799528257e-18,9,"Forest_disc_75","hayes"
3,2.5,0.4177,2.8526799528257e-18,9,"Forest_disc_75","hayes"
3,3.5,0.2367,2.8526799528257e-18,9,"Forest_disc_75","hayes"
4,1.5,0.411,1.64304175358795e-22,9,"Forest_disc_75","hayes"
4,2.5,0.3725,1.64304175358795e-22,9,"Forest_disc_75","hayes"
4,3.5,0.2165,1.64304175358795e-22,9,"Forest_disc_75","hayes"
1,1.5,0.5705,5.03312839160936e-17,9,"Forest_disc_100","hayes"
1,2,0.0218,5.03312839160936e-17,9,"Forest_disc_100","hayes"
1,2.5,0.4078,5.03312839160936e-17,9,"Forest_disc_100","hayes"
2,1.5,0.423,6.29926665420523e-19,9,"Forest_disc_100","hayes"
2,2.5,0.3617,6.29926665420523e-19,9,"Forest_disc_100","hayes"
2,3.5,0.2151,6.29926665420523e-19,9,"Forest_disc_100","hayes"
3,1.5,0.3858,4.70369605788615e-19,9,"Forest_disc_100","hayes"
3,2.5,0.382,4.70369605788615e-19,9,"Forest_disc_100","hayes"
3,3.5,0.2319,4.70369605788615e-19,9,"Forest_disc_100","hayes"
4,1.5,0.4302,9.74041120075494e-22,9,"Forest_disc_100","hayes"
4,2.5,0.3504,9.74041120075494e-22,9,"Forest_disc_100","hayes"
4,3.5,0.2194,9.74041120075494e-22,9,"Forest_disc_100","hayes"
1,1.5,0.564,8.55213186820428e-17,9,"Forest_disc_125","hayes"
1,2,0.0335,8.55213186820428e-17,9,"Forest_disc_125","hayes"
1,2.5,0.4024,8.55213186820428e-17,9,"Forest_disc_125","hayes"
2,1.5,0.4189,1.15778095738589e-18,9,"Forest_disc_125","hayes"
2,2.5,0.3512,1.15778095738589e-18,9,"Forest_disc_125","hayes"
2,3.5,0.2299,1.15778095738589e-18,9,"Forest_disc_125","hayes"
3,1.5,0.3685,1.24472078909584e-20,9,"Forest_disc_125","hayes"
3,2.5,0.3751,1.24472078909584e-20,9,"Forest_disc_125","hayes"
3,3.5,0.2566,1.24472078909584e-20,9,"Forest_disc_125","hayes"
4,1.5,0.4194,3.67979147206774e-23,9,"Forest_disc_125","hayes"
4,2.5,0.3604,3.67979147206774e-23,9,"Forest_disc_125","hayes"
4,3.5,0.22,3.67979147206774e-23,9,"Forest_disc_125","hayes"
1,1.5,0.5526,1.20114841587229e-16,9,"Forest_disc_150","hayes"
1,2,0.0183,1.20114841587229e-16,9,"Forest_disc_150","hayes"
1,2.5,0.4291,1.20114841587229e-16,9,"Forest_disc_150","hayes"
2,1.5,0.428,7.92153133157384e-20,9,"Forest_disc_150","hayes"
2,2.5,0.347,7.92153133157384e-20,9,"Forest_disc_150","hayes"
2,3.5,0.225,7.92153133157384e-20,9,"Forest_disc_150","hayes"
3,1.5,0.3715,9.32145443709195e-18,9,"Forest_disc_150","hayes"
3,2.5,0.3843,9.32145443709195e-18,9,"Forest_disc_150","hayes"
3,3.5,0.2442,9.32145443709195e-18,9,"Forest_disc_150","hayes"
4,1.5,0.414,2.40007504646946e-20,9,"Forest_disc_150","hayes"
4,2.5,0.3646,2.40007504646946e-20,9,"Forest_disc_150","hayes"
4,3.5,0.2213,2.40007504646946e-20,9,"Forest_disc_150","hayes"
1,1.5,0.576,2.17796852855578e-16,9,"Forest_disc_175","hayes"
1,2,0.019,2.17796852855578e-16,9,"Forest_disc_175","hayes"
1,2.5,0.4054,2.17796852855578e-16,9,"Forest_disc_175","hayes"
2,1.5,0.4238,6.01864504669238e-19,9,"Forest_disc_175","hayes"
2,2.5,0.3467,6.01864504669238e-19,9,"Forest_disc_175","hayes"
2,3.5,0.2295,6.01864504669238e-19,9,"Forest_disc_175","hayes"
3,1.5,0.3691,3.15729278511886e-20,9,"Forest_disc_175","hayes"
3,2.5,0.3833,3.15729278511886e-20,9,"Forest_disc_175","hayes"
3,3.5,0.2476,3.15729278511886e-20,9,"Forest_disc_175","hayes"
4,1.5,0.4084,5.82707206279587e-20,9,"Forest_disc_175","hayes"
4,2.5,0.3518,5.82707206279587e-20,9,"Forest_disc_175","hayes"
4,3.5,0.24,5.82707206279587e-20,9,"Forest_disc_175","hayes"
1,1.5,0.5649,1.06405262498381e-16,9,"Forest_disc_200","hayes"
1,2,0.032,1.06405262498381e-16,9,"Forest_disc_200","hayes"
1,2.5,0.4032,1.06405262498381e-16,9,"Forest_disc_200","hayes"
2,1.5,0.4415,1.41815572221342e-18,9,"Forest_disc_200","hayes"
2,2.5,0.3387,1.41815572221342e-18,9,"Forest_disc_200","hayes"
2,3.5,0.2195,1.41815572221342e-18,9,"Forest_disc_200","hayes"
3,1.5,0.3725,2.80793753823439e-21,9,"Forest_disc_200","hayes"
3,2.5,0.3953,2.80793753823439e-21,9,"Forest_disc_200","hayes"
3,3.5,0.2324,2.80793753823439e-21,9,"Forest_disc_200","hayes"
4,1.5,0.423,9.8493123291192e-22,9,"Forest_disc_200","hayes"
4,2.5,0.3553,9.8493123291192e-22,9,"Forest_disc_200","hayes"
4,3.5,0.2218,9.8493123291192e-22,9,"Forest_disc_200","hayes"
1,1.5,0.5245,2.59718465617831e-17,10,"Forest_disc_25","hayes"
1,2,0.0582,2.59718465617831e-17,10,"Forest_disc_25","hayes"
1,2.5,0.4175,2.59718465617831e-17,10,"Forest_disc_25","hayes"
2,1.5,0.3765,1.17175350474952e-19,10,"Forest_disc_25","hayes"
2,2.5,0.3753,1.17175350474952e-19,10,"Forest_disc_25","hayes"
2,3.5,0.2482,1.17175350474952e-19,10,"Forest_disc_25","hayes"
3,1.5,0.4272,2.85596845457622e-20,10,"Forest_disc_25","hayes"
3,2.4,0.3808,2.85596845457622e-20,10,"Forest_disc_25","hayes"
3,3.5,0.192,2.85596845457622e-20,10,"Forest_disc_25","hayes"
4,1.5,0.401,1.53934364753162e-21,10,"Forest_disc_25","hayes"
4,2.5,0.3669,1.53934364753162e-21,10,"Forest_disc_25","hayes"
4,3.5,0.2322,1.53934364753162e-21,10,"Forest_disc_25","hayes"
1,1.5,0.4974,1.66546534445749e-17,10,"Forest_disc_50","hayes"
1,2,0.057,1.66546534445749e-17,10,"Forest_disc_50","hayes"
1,2.5,0.4456,1.66546534445749e-17,10,"Forest_disc_50","hayes"
2,1.5,0.3764,5.09550071999481e-18,10,"Forest_disc_50","hayes"
2,2.5,0.3824,5.09550071999481e-18,10,"Forest_disc_50","hayes"
2,3.5,0.2411,5.09550071999481e-18,10,"Forest_disc_50","hayes"
3,1.5,0.4495,1.86729751155825e-18,10,"Forest_disc_50","hayes"
3,2.5,0.3588,1.86729751155825e-18,10,"Forest_disc_50","hayes"
3,3.5,0.1917,1.86729751155825e-18,10,"Forest_disc_50","hayes"
4,1.5,0.4149,8.22295516278758e-19,10,"Forest_disc_50","hayes"
4,2.5,0.3449,8.22295516278758e-19,10,"Forest_disc_50","hayes"
4,3.5,0.2402,8.22295516278758e-19,10,"Forest_disc_50","hayes"
1,1.5,0.549,5.54527720336707e-17,10,"Forest_disc_75","hayes"
1,2,0.0349,5.54527720336707e-17,10,"Forest_disc_75","hayes"
1,2.5,0.4161,5.54527720336707e-17,10,"Forest_disc_75","hayes"
2,1.5,0.387,1.11127884861097e-19,10,"Forest_disc_75","hayes"
2,2.5,0.3648,1.11127884861097e-19,10,"Forest_disc_75","hayes"
2,3.5,0.2482,1.11127884861097e-19,10,"Forest_disc_75","hayes"
3,1.5,0.4312,4.21296573780606e-19,10,"Forest_disc_75","hayes"
3,2.5,0.39,4.21296573780606e-19,10,"Forest_disc_75","hayes"
3,3.5,0.1791,4.21296573780606e-19,10,"Forest_disc_75","hayes"
4,1.5,0.4076,4.87109614421892e-22,10,"Forest_disc_75","hayes"
4,2.5,0.3578,4.87109614421892e-22,10,"Forest_disc_75","hayes"
4,3.5,0.2347,4.87109614421892e-22,10,"Forest_disc_75","hayes"
1,1.5,0.5385,2.59106186937687e-17,10,"Forest_disc_100","hayes"
1,2,0.0347,2.59106186937687e-17,10,"Forest_disc_100","hayes"
1,2.5,0.4268,2.59106186937687e-17,10,"Forest_disc_100","hayes"
2,1.5,0.3822,2.60317255018164e-18,10,"Forest_disc_100","hayes"
2,2.5,0.359,2.60317255018164e-18,10,"Forest_disc_100","hayes"
2,3.5,0.2585,2.60317255018164e-18,10,"Forest_disc_100","hayes"
3,1.5,0.4564,1.72871003689763e-20,10,"Forest_disc_100","hayes"
3,2.5,0.3515,1.72871003689763e-20,10,"Forest_disc_100","hayes"
3,3.5,0.1922,1.72871003689763e-20,10,"Forest_disc_100","hayes"
4,1.5,0.436,7.02293741427605e-20,10,"Forest_disc_100","hayes"
4,2.5,0.3509,7.02293741427605e-20,10,"Forest_disc_100","hayes"
4,3.5,0.213,7.02293741427605e-20,10,"Forest_disc_100","hayes"
1,1.5,0.4936,9.57857515442632e-17,10,"Forest_disc_125","hayes"
1,2,0.0496,9.57857515442632e-17,10,"Forest_disc_125","hayes"
1,2.5,0.4567,9.57857515442632e-17,10,"Forest_disc_125","hayes"
2,1.5,0.3771,2.92750875471974e-18,10,"Forest_disc_125","hayes"
2,2.5,0.3739,2.92750875471974e-18,10,"Forest_disc_125","hayes"
2,3.5,0.249,2.92750875471974e-18,10,"Forest_disc_125","hayes"
3,1.5,0.4472,2.92106380515236e-19,10,"Forest_disc_125","hayes"
3,2.5,0.3749,2.92106380515236e-19,10,"Forest_disc_125","hayes"
3,3.5,0.1777,2.92106380515236e-19,10,"Forest_disc_125","hayes"
4,1.5,0.4329,2.05946503169572e-21,10,"Forest_disc_125","hayes"
4,2.5,0.3342,2.05946503169572e-21,10,"Forest_disc_125","hayes"
4,3.5,0.2328,2.05946503169572e-21,10,"Forest_disc_125","hayes"
1,1.5,0.5403,1.7225363991144e-16,10,"Forest_disc_150","hayes"
1,2,0.0315,1.7225363991144e-16,10,"Forest_disc_150","hayes"
1,2.5,0.4281,1.7225363991144e-16,10,"Forest_disc_150","hayes"
2,1.5,0.3701,1.09311313111884e-19,10,"Forest_disc_150","hayes"
2,2.5,0.3796,1.09311313111884e-19,10,"Forest_disc_150","hayes"
2,3.5,0.2503,1.09311313111884e-19,10,"Forest_disc_150","hayes"
3,1.5,0.4528,4.21351402761441e-19,10,"Forest_disc_150","hayes"
3,2.5,0.3611,4.21351402761441e-19,10,"Forest_disc_150","hayes"
3,3.5,0.186,4.21351402761441e-19,10,"Forest_disc_150","hayes"
4,1.5,0.4336,1.18178193402958e-18,10,"Forest_disc_150","hayes"
4,2.5,0.335,1.18178193402958e-18,10,"Forest_disc_150","hayes"
4,3.5,0.2312,1.18178193402958e-18,10,"Forest_disc_150","hayes"
1,1.5,0.5169,1.31606665302238e-16,10,"Forest_disc_175","hayes"
1,2,0.0398,1.31606665302238e-16,10,"Forest_disc_175","hayes"
1,2.5,0.4433,1.31606665302238e-16,10,"Forest_disc_175","hayes"
2,1.5,0.3678,2.24238008185302e-20,10,"Forest_disc_175","hayes"
2,2.5,0.385,2.24238008185302e-20,10,"Forest_disc_175","hayes"
2,3.5,0.2471,2.24238008185302e-20,10,"Forest_disc_175","hayes"
3,1.5,0.4512,8.79719142325068e-23,10,"Forest_disc_175","hayes"
3,2.5,0.3668,8.79719142325068e-23,10,"Forest_disc_175","hayes"
3,3.5,0.1821,8.79719142325068e-23,10,"Forest_disc_175","hayes"
4,1.5,0.4448,6.68180425833759e-19,10,"Forest_disc_175","hayes"
4,2.5,0.3404,6.68180425833759e-19,10,"Forest_disc_175","hayes"
4,3.5,0.2146,6.68180425833759e-19,10,"Forest_disc_175","hayes"
1,1.5,0.5397,2.62038763400532e-17,10,"Forest_disc_200","hayes"
1,2,0.0288,2.62038763400532e-17,10,"Forest_disc_200","hayes"
1,2.5,0.4318,2.62038763400532e-17,10,"Forest_disc_200","hayes"
2,1.5,0.361,3.58828314138052e-19,10,"Forest_disc_200","hayes"
2,2.5,0.3992,3.58828314138052e-19,10,"Forest_disc_200","hayes"
2,3.5,0.2398,3.58828314138052e-19,10,"Forest_disc_200","hayes"
3,1.5,0.4476,6.71738811886213e-21,10,"Forest_disc_200","hayes"
3,2.5,0.3595,6.71738811886213e-21,10,"Forest_disc_200","hayes"
3,3.5,0.1929,6.71738811886213e-21,10,"Forest_disc_200","hayes"
4,1.5,0.4224,2.47191840382823e-19,10,"Forest_disc_200","hayes"
4,2.5,0.3601,2.47191840382823e-19,10,"Forest_disc_200","hayes"
4,3.5,0.2177,2.47191840382823e-19,10,"Forest_disc_200","hayes"
