"var","nsplits","optim_value","S1","S2","S3","S4","S5","S6","S7","S8","S9","S10","P1","P2","P3","P4","P5","P6","P7","P8","P9","P10","score","uniq_split","iter","forest","name"
34,2,8.22668216612898e-07,19.8,51.8,NA,NA,NA,NA,NA,NA,NA,NA,0.6462,0.3538,NA,NA,NA,NA,NA,NA,NA,NA,8.22668216612898e-07,2,1,"Forest_disc_NLD50","derma"
34,3,3.22853027571881e-30,16,39,60.6,NA,NA,NA,NA,NA,NA,NA,0.4593,0.4175,0.1232,NA,NA,NA,NA,NA,NA,NA,3.22853027571881e-29,3,1,"Forest_disc_NLD50","derma"
34,4,1.43948671485336e-08,15.5,34.8,57.1,35.2,NA,NA,NA,NA,NA,NA,0.4169,0.2731,0.1932,0.1168,NA,NA,NA,NA,NA,NA,1.43948671485336e-06,4,1,"Forest_disc_NLD50","derma"
34,5,5.241767057687e-33,13.5,39.5,25.3,58.5,36.6,NA,NA,NA,NA,NA,0.2931,0.2819,0.267,0.1581,0,NA,NA,NA,NA,NA,5.241767057687e-31,4,1,"Forest_disc_NLD50","derma"
34,6,1.93492703868356e-29,16.2,40,42.8,40.9,62.8,20.9,NA,NA,NA,NA,0.4502,0.1773,0.1256,0.1195,0.0909,0.0365,NA,NA,NA,NA,1.93492703868356e-25,6,1,"Forest_disc_NLD50","derma"
34,7,6.68342505007358e-30,23.2,12.7,38.4,58,47.9,39.9,61.2,NA,NA,NA,0.3066,0.236,0.218,0.1028,0.0498,0.048,0.0388,NA,NA,NA,6.68342505007358e-25,7,1,"Forest_disc_NLD50","derma"
34,8,5.89237045782023e-09,15.9,44.1,38.7,26.4,58.4,32.2,64.3,47.1,NA,NA,0.433,0.1624,0.1434,0.0655,0.0631,0.0584,0.041,0.0332,NA,NA,0.00589237045782023,8,1,"Forest_disc_NLD50","derma"
34,9,7.93655071692685e-31,25.1,54.5,7.5,26.1,8.6,28.3,7.7,12.8,20.2,NA,0.4968,0.2731,0.0651,0.0519,0.0472,0.0442,0.013,0.0056,0.0032,NA,7.93655071692685e-24,9,1,"Forest_disc_NLD50","derma"
34,10,6.80501028225576e-08,15.5,53.3,38.8,23.6,33,26.4,59.6,36.3,57.5,14.4,0.3719,0.1406,0.1295,0.0764,0.0756,0.0747,0.0685,0.0539,0.0088,0,0.680501028225576,9,1,"Forest_disc_NLD50","derma"
34,2,4.82152115679277e-07,20.6,48.9,NA,NA,NA,NA,NA,NA,NA,NA,0.602,0.3979,NA,NA,NA,NA,NA,NA,NA,NA,4.82152115679277e-07,2,1,"Forest_disc_NLD100","derma"
34,3,1.52781917101479e-30,30.1,52.4,14,NA,NA,NA,NA,NA,NA,NA,0.4842,0.2629,0.2529,NA,NA,NA,NA,NA,NA,NA,1.52781917101479e-29,3,1,"Forest_disc_NLD100","derma"
34,4,2.44503865667614e-29,27.7,53,13,41.1,NA,NA,NA,NA,NA,NA,0.4568,0.2317,0.2078,0.1037,NA,NA,NA,NA,NA,NA,2.44503865667614e-27,4,1,"Forest_disc_NLD100","derma"
34,5,9.33330177128744e-30,16.7,41,31.7,47.1,59.8,NA,NA,NA,NA,NA,0.388,0.2169,0.1947,0.1285,0.0719,NA,NA,NA,NA,NA,9.33330177128744e-27,5,1,"Forest_disc_NLD100","derma"
34,6,6.71060539306792e-08,17,28.1,49.1,43.4,58.1,48.1,NA,NA,NA,NA,0.3536,0.2574,0.1683,0.164,0.0564,2e-04,NA,NA,NA,NA,0.000671060539306792,6,1,"Forest_disc_NLD100","derma"
34,7,3.65152373956747e-08,17.4,35.8,48.3,51.5,22.2,43.3,62.2,NA,NA,NA,0.378,0.2386,0.1162,0.0992,0.0819,0.0584,0.0276,NA,NA,NA,0.00365152373956747,7,1,"Forest_disc_NLD100","derma"
34,8,1.10412006728082e-18,22,39.9,53.6,31.8,9.9,19.4,33.5,54.4,NA,NA,0.309,0.1787,0.1724,0.1033,0.0909,0.072,0.0427,0.0311,NA,NA,1.10412006728082e-12,8,1,"Forest_disc_NLD100","derma"
34,9,1.04807921403405e-09,15.7,37.5,27.4,54.6,33.5,37,54.8,28.3,46.2,NA,0.3281,0.1546,0.1035,0.1017,0.0896,0.0816,0.0742,0.0352,0.0314,NA,0.0104807921403405,9,1,"Forest_disc_NLD100","derma"
34,10,8.78415327231211e-31,40.2,17.2,15.4,59.7,34.8,25.1,54.6,58.6,30,52.7,0.386,0.3457,0.0534,0.0487,0.0417,0.0405,0.0359,0.0192,0.016,0.013,8.78415327231211e-23,10,1,"Forest_disc_NLD100","derma"
34,2,6.71331828145635e-07,20.9,49.8,NA,NA,NA,NA,NA,NA,NA,NA,0.6198,0.3801,NA,NA,NA,NA,NA,NA,NA,NA,6.71331828145635e-07,2,1,"Forest_disc_NLD200","derma"
34,3,5.62875696236705e-31,31.7,13.6,54.8,NA,NA,NA,NA,NA,NA,NA,0.524,0.2636,0.2124,NA,NA,NA,NA,NA,NA,NA,5.62875696236705e-30,3,1,"Forest_disc_NLD200","derma"
34,4,1.13996078402677e-07,18.6,38.7,48.8,65.5,NA,NA,NA,NA,NA,NA,0.496,0.2408,0.2347,0.0284,NA,NA,NA,NA,NA,NA,1.13996078402677e-05,4,1,"Forest_disc_NLD200","derma"
34,5,2.05654505304579e-30,24.6,42.5,54.1,7.8,57.1,NA,NA,NA,NA,NA,0.54,0.1914,0.1146,0.0926,0.0614,NA,NA,NA,NA,NA,2.05654505304579e-27,5,1,"Forest_disc_NLD200","derma"
34,6,6.41258089260608e-30,31.9,17.7,14,41,38.9,58.5,NA,NA,NA,NA,0.2181,0.1905,0.1695,0.1589,0.1402,0.1227,NA,NA,NA,NA,6.41258089260608e-26,6,1,"Forest_disc_NLD200","derma"
34,7,6.49900144592717e-08,27.3,13.5,51,47.5,58.9,56.9,56.8,NA,NA,NA,0.477,0.2096,0.1712,0.0998,0.042,4e-04,0,NA,NA,NA,0.000649900144592717,6,1,"Forest_disc_NLD200","derma"
34,8,7.42090177508108e-08,16.2,43.2,55.9,29.4,34.5,24.9,34.3,20.1,NA,NA,0.3341,0.1757,0.1539,0.1323,0.1051,0.0694,0.0276,0.0019,NA,NA,0.0742090177508108,8,1,"Forest_disc_NLD200","derma"
34,9,2.0681650241839e-30,30.6,14.3,57,46.8,51.2,21.5,7.8,37.3,27.1,NA,0.4297,0.2105,0.1176,0.0859,0.0514,0.0426,0.0266,0.0251,0.0107,NA,2.0681650241839e-23,9,1,"Forest_disc_NLD200","derma"
34,10,5.79594873765995e-08,16.9,44.1,57.5,40.5,32.7,31.6,38.9,27.4,30.5,38.8,0.3957,0.1274,0.1236,0.1125,0.1014,0.0686,0.0249,0.0198,0.0175,0.0085,5.79594873765995,10,1,"Forest_disc_NLD200","derma"
34,2,1.46537529664603e-06,21.3,50.5,NA,NA,NA,NA,NA,NA,NA,NA,0.681,0.319,NA,NA,NA,NA,NA,NA,NA,NA,1.46537529664603e-06,2,1,"Forest_disc_DIR50","derma"
34,3,2.11589222413862e-06,31.6,11.8,55.7,NA,NA,NA,NA,NA,NA,NA,0.5714,0.2594,0.1694,NA,NA,NA,NA,NA,NA,NA,2.11589222413862e-05,3,1,"Forest_disc_DIR50","derma"
34,4,1.76167710402217e-07,18.2,55,35.7,38.5,NA,NA,NA,NA,NA,NA,0.5,0.1667,0.1667,0.1666,NA,NA,NA,NA,NA,NA,1.76167710402217e-05,4,1,"Forest_disc_DIR50","derma"
34,5,0.000937071730600285,36.8,46.2,20.4,7.5,20.4,NA,NA,NA,NA,NA,0.4692,0.2022,0.1522,0.111,0.06,NA,NA,NA,NA,NA,0.0937071730600285,4,1,"Forest_disc_DIR50","derma"
34,6,1.33711789627469e-06,38.7,30.9,14,23.2,55.8,21.5,NA,NA,NA,NA,0.1667,0.1667,0.1667,0.1667,0.1667,0.1666,NA,NA,NA,NA,0.0133711789627469,6,1,"Forest_disc_DIR50","derma"
34,7,0.000119284230245024,59.1,24.7,20.4,26.8,26.8,24.7,26.1,NA,NA,NA,0.1681,0.1653,0.1648,0.1628,0.1544,0.1303,0.0558,NA,NA,NA,0.119284230245024,5,1,"Forest_disc_DIR50","derma"
34,8,0.000127858639476891,46.2,20.4,44,20.4,43.8,7.5,8.2,20.4,NA,NA,0.1667,0.1662,0.1653,0.1653,0.1626,0.0697,0.0569,0.0464,NA,NA,1.27858639476891,6,1,"Forest_disc_DIR50","derma"
34,9,9.31408986575383e-05,26.1,26.8,59.1,20.4,24.4,26.8,26.8,26.6,26.4,NA,0.1673,0.1667,0.166,0.1623,0.1296,0.0558,0.0556,0.0543,0.0428,NA,9.31408986575383,7,1,"Forest_disc_DIR50","derma"
34,10,0.00201831648859371,26.8,26.8,26.8,46.2,46.2,26.8,46.2,26.8,13.2,26.8,0.2647,0.1619,0.1537,0.1111,0.107,0.0741,0.0617,0.0508,0.0055,0.0042,0.0201831648859371,3,1,"Forest_disc_DIR50","derma"
34,2,2.20744282973908e-06,20,50.2,NA,NA,NA,NA,NA,NA,NA,NA,0.5869,0.4131,NA,NA,NA,NA,NA,NA,NA,NA,2.20744282973908e-06,2,1,"Forest_disc_DIR100","derma"
34,3,3.38734536021543e-08,41,17,61.9,NA,NA,NA,NA,NA,NA,NA,0.4711,0.4359,0.093,NA,NA,NA,NA,NA,NA,NA,3.38734536021543e-07,3,1,"Forest_disc_DIR100","derma"
34,4,8.67797513415165e-06,36.9,13.7,13,57.1,NA,NA,NA,NA,NA,NA,0.5002,0.1668,0.1667,0.1665,NA,NA,NA,NA,NA,NA,0.000867797513415165,4,1,"Forest_disc_DIR100","derma"
34,5,4.13730574625781e-07,27.5,21,50.9,54.8,12.3,NA,NA,NA,NA,NA,0.3898,0.1651,0.163,0.1543,0.1278,NA,NA,NA,NA,NA,0.000413730574625781,5,1,"Forest_disc_DIR100","derma"
34,6,2.32056050110282e-07,15.6,17.5,39.5,56.9,41.6,23.9,NA,NA,NA,NA,0.1667,0.1667,0.1667,0.1667,0.1667,0.1667,NA,NA,NA,NA,0.00232056050110282,6,1,"Forest_disc_DIR100","derma"
34,7,0.000256518972932818,23.2,46.3,44.1,47,8,21,47,NA,NA,NA,0.1838,0.1665,0.166,0.1524,0.144,0.1303,0.0542,NA,NA,NA,2.56518972932818,6,1,"Forest_disc_DIR100","derma"
34,8,0.0431407506300028,27.5,27.5,27.5,27.5,27.5,27.5,27.5,27.5,NA,NA,0.3203,0.2778,0.1667,0.1298,0.0912,0.0555,0.0062,0.0048,NA,NA,0.00431407506300028,1,1,"Forest_disc_DIR100","derma"
34,9,0.000132138129480653,26.7,27.2,27.2,26.1,26.3,46.3,65.8,27.5,27.1,NA,0.1584,0.1543,0.131,0.1296,0.1292,0.1056,0.1049,0.0432,0.0428,NA,132.138129480653,8,1,"Forest_disc_DIR100","derma"
34,10,0.0431407514019208,27.5,27.5,27.5,27.5,27.5,27.5,27.5,27.5,27.5,27.5,0.2032,0.1667,0.1667,0.1543,0.1301,0.056,0.0557,0.0542,0.0428,0.0226,0.00431407514019208,1,1,"Forest_disc_DIR100","derma"
34,2,1.00879503542676e-06,20,49.9,NA,NA,NA,NA,NA,NA,NA,NA,0.6116,0.3884,NA,NA,NA,NA,NA,NA,NA,NA,1.00879503542676e-06,2,1,"Forest_disc_DIR200","derma"
34,3,1.17600224689448e-05,34,11.8,54.7,NA,NA,NA,NA,NA,NA,NA,0.496,0.3004,0.2036,NA,NA,NA,NA,NA,NA,NA,0.000117600224689448,3,1,"Forest_disc_DIR200","derma"
34,4,1.74031809074604e-05,36.2,13.2,55.9,11.1,NA,NA,NA,NA,NA,NA,0.5007,0.1667,0.1665,0.1665,NA,NA,NA,NA,NA,NA,0.00174031809074604,4,1,"Forest_disc_DIR200","derma"
34,5,6.71820926155329e-05,25.4,59.1,20.4,25.2,46.3,NA,NA,NA,NA,NA,0.4889,0.1653,0.1481,0.1241,0.0736,NA,NA,NA,NA,NA,0.0671820926155329,5,1,"Forest_disc_DIR200","derma"
34,6,3.22445347296759e-06,24.6,16.3,26.8,55.1,47,20.2,NA,NA,NA,NA,0.1667,0.1667,0.1667,0.1667,0.1667,0.1665,NA,NA,NA,NA,0.0322445347296759,6,1,"Forest_disc_DIR200","derma"
34,7,6.09015919062645e-07,36.9,56.8,25,38.1,9.7,24.7,14.3,NA,NA,NA,0.1707,0.1667,0.1667,0.1625,0.135,0.1264,0.072,NA,NA,NA,0.0609015919062645,7,1,"Forest_disc_DIR200","derma"
34,8,6.4907481718154e-06,53.6,26,25.8,23.7,12.5,25.9,25.3,11.8,NA,NA,0.2779,0.1666,0.1666,0.1666,0.0556,0.0556,0.0555,0.0555,NA,NA,6.4907481718154,8,1,"Forest_disc_DIR200","derma"
34,9,6.76370697403263e-06,42.7,57.1,13.8,24.7,26.8,20.4,26.8,26.8,26.8,NA,0.1669,0.1666,0.1653,0.1624,0.1526,0.0569,0.0556,0.0551,0.0186,NA,0.0676370697403263,6,1,"Forest_disc_DIR200","derma"
34,10,0.000144369780216224,26.6,26.6,26.6,61.2,26.8,26.8,26.6,26.8,26.6,13.9,0.1679,0.1667,0.1654,0.1632,0.0602,0.0597,0.057,0.0556,0.0556,0.0494,0.0144369780216224,4,1,"Forest_disc_DIR200","derma"
34,2,1.11913262044852e-06,18.6,50.9,NA,NA,NA,NA,NA,NA,NA,NA,0.6176,0.3824,NA,NA,NA,NA,NA,NA,NA,NA,1.11913262044852e-06,2,2,"Forest_disc_NLD50","derma"
34,3,1.34623267662539e-29,28.5,54.8,10.3,NA,NA,NA,NA,NA,NA,NA,0.5058,0.2562,0.238,NA,NA,NA,NA,NA,NA,NA,1.34623267662539e-28,3,2,"Forest_disc_NLD50","derma"
34,4,5.68356827833299e-29,32.9,13.3,48.6,61.3,NA,NA,NA,NA,NA,NA,0.3706,0.3679,0.1752,0.0863,NA,NA,NA,NA,NA,NA,5.68356827833299e-27,4,2,"Forest_disc_NLD50","derma"
34,5,2.25178926685108e-25,23.5,52.2,4.2,57.7,65.9,NA,NA,NA,NA,NA,0.593,0.2939,0.0923,0.0146,0.0063,NA,NA,NA,NA,NA,2.25178926685108e-22,5,2,"Forest_disc_NLD50","derma"
34,6,3.66727471965773e-30,22.3,36.6,9,56.3,55.2,34.6,NA,NA,NA,NA,0.3487,0.1818,0.171,0.1319,0.0841,0.0825,NA,NA,NA,NA,3.66727471965773e-26,6,2,"Forest_disc_NLD50","derma"
34,7,6.60023202271647e-31,35.9,13.1,54.5,22.5,62,27.8,18.8,NA,NA,NA,0.3862,0.3448,0.1363,0.0513,0.0513,0.0223,0.0077,NA,NA,NA,6.60023202271647e-26,7,2,"Forest_disc_NLD50","derma"
34,8,1.57570130765498e-07,15.2,49.9,28.2,58.9,37.7,39.3,39.8,22,NA,NA,0.4313,0.1311,0.1162,0.1019,0.0821,0.0735,0.0639,0,NA,NA,0.0157570130765498,7,2,"Forest_disc_NLD50","derma"
34,9,2.3611554876178e-12,12.4,42.4,28.4,26,58.5,32.4,58.8,30.6,11.8,NA,0.3028,0.214,0.1244,0.1008,0.0922,0.0908,0.0517,0.0141,0.009,NA,2.3611554876178e-05,9,2,"Forest_disc_NLD50","derma"
34,10,1.80851890633457e-30,31,12,52.8,49.5,59.5,50.4,59.7,37,25,19.2,0.3611,0.2937,0.0636,0.0504,0.0467,0.0441,0.0425,0.0413,0.031,0.0257,1.80851890633457e-22,10,2,"Forest_disc_NLD50","derma"
34,2,7.47838205010527e-07,20.8,49.6,NA,NA,NA,NA,NA,NA,NA,NA,0.6232,0.3768,NA,NA,NA,NA,NA,NA,NA,NA,7.47838205010527e-07,2,2,"Forest_disc_NLD100","derma"
34,3,5.1798720443709e-31,27.3,52.6,10.4,NA,NA,NA,NA,NA,NA,NA,0.5797,0.2718,0.1485,NA,NA,NA,NA,NA,NA,NA,5.1798720443709e-30,3,2,"Forest_disc_NLD100","derma"
34,4,3.29495334376134e-31,38,16.8,59.6,49.1,NA,NA,NA,NA,NA,NA,0.4436,0.4183,0.0951,0.0431,NA,NA,NA,NA,NA,NA,3.29495334376134e-29,4,2,"Forest_disc_NLD100","derma"
34,5,1.91432221690368e-30,26.3,52.2,8.1,20.1,7.8,NA,NA,NA,NA,NA,0.5719,0.2854,0.0711,0.0444,0.0272,NA,NA,NA,NA,NA,1.91432221690368e-27,5,2,"Forest_disc_NLD100","derma"
34,6,1.16989980132087e-07,18.2,50.2,35.4,42.4,36.8,61.5,NA,NA,NA,NA,0.4748,0.1806,0.1583,0.0911,0.0557,0.0396,NA,NA,NA,NA,0.00116989980132087,6,2,"Forest_disc_NLD100","derma"
34,7,4.59236106997553e-33,36.7,16.1,57.4,21.4,51.1,56.6,13.8,NA,NA,NA,0.4541,0.3642,0.1302,0.0323,0.0153,0.0037,3e-04,NA,NA,NA,4.59236106997553e-28,7,2,"Forest_disc_NLD100","derma"
34,8,1.26217680729255e-28,15.9,35.4,33.9,54.3,58.7,46.6,49.2,53.1,NA,NA,0.368,0.3427,0.1025,0.0711,0.069,0.0201,0.0144,0.0122,NA,NA,1.26217680729255e-22,8,2,"Forest_disc_NLD100","derma"
34,9,6.76838108714558e-08,19.2,42.6,51.9,44.1,31.7,38.1,61.5,7.6,59.2,NA,0.4657,0.1225,0.108,0.0924,0.0897,0.0568,0.0342,0.0217,0.0089,NA,0.676838108714558,9,2,"Forest_disc_NLD100","derma"
34,10,2.45227239117728e-31,35.2,15.5,57.1,51.7,22.6,26.7,42.3,58.3,56.3,56.8,0.4026,0.3313,0.0706,0.0508,0.0337,0.0315,0.0299,0.025,0.0129,0.0116,2.45227239117728e-23,10,2,"Forest_disc_NLD100","derma"
34,2,8.35922448734913e-07,20.6,51.1,NA,NA,NA,NA,NA,NA,NA,NA,0.6239,0.3761,NA,NA,NA,NA,NA,NA,NA,NA,8.35922448734913e-07,2,2,"Forest_disc_NLD200","derma"
34,3,2.74623056634105e-29,35.1,14.9,57.8,NA,NA,NA,NA,NA,NA,NA,0.4791,0.3475,0.1733,NA,NA,NA,NA,NA,NA,NA,2.74623056634105e-28,3,2,"Forest_disc_NLD200","derma"
34,4,7.6586315630832e-30,16.9,41.8,42.7,66,NA,NA,NA,NA,NA,NA,0.4584,0.2635,0.22,0.0582,NA,NA,NA,NA,NA,NA,7.6586315630832e-28,4,2,"Forest_disc_NLD200","derma"
34,5,1.61507255321042e-07,23.5,54.6,14.7,38.1,33.4,NA,NA,NA,NA,NA,0.2696,0.2428,0.2414,0.1389,0.1073,NA,NA,NA,NA,NA,0.000161507255321042,5,2,"Forest_disc_NLD200","derma"
34,6,1.2607841929028e-07,23.3,47.7,57.5,10.1,45.2,39.3,NA,NA,NA,NA,0.5247,0.1971,0.117,0.1003,0.0431,0.0179,NA,NA,NA,NA,0.0012607841929028,6,2,"Forest_disc_NLD200","derma"
34,7,1.88099189938821e-28,14.9,36.5,20.9,50.1,38.3,52.4,66,NA,NA,NA,0.2916,0.2682,0.1316,0.0989,0.096,0.0718,0.0419,NA,NA,NA,1.88099189938821e-23,7,2,"Forest_disc_NLD200","derma"
34,8,1.21271528624332e-31,15.5,42.2,19.4,40.5,47.3,35.4,65.9,59.8,NA,NA,0.28,0.1894,0.1707,0.1207,0.1097,0.0735,0.0538,0.0021,NA,NA,1.21271528624332e-25,8,2,"Forest_disc_NLD200","derma"
34,9,2.20170127007517e-30,26.2,55.4,7.5,49,7.6,36.1,19.7,38,15.7,NA,0.5028,0.2098,0.0597,0.0582,0.0405,0.0401,0.0384,0.0279,0.0224,NA,2.20170127007517e-23,9,2,"Forest_disc_NLD200","derma"
34,10,4.61655919027994e-30,39.1,16.5,62.2,13,47.3,19.2,33.6,60.2,61.8,54.6,0.4145,0.3446,0.0632,0.0422,0.0376,0.0312,0.0257,0.0168,0.0133,0.0108,4.61655919027994e-22,10,2,"Forest_disc_NLD200","derma"
34,2,6.28368569984302e-06,22.1,50.8,NA,NA,NA,NA,NA,NA,NA,NA,0.5722,0.4276,NA,NA,NA,NA,NA,NA,NA,NA,6.28368569984302e-06,2,2,"Forest_disc_DIR50","derma"
34,3,0.000162458067185377,26.8,34,61.2,NA,NA,NA,NA,NA,NA,NA,0.5042,0.3256,0.1683,NA,NA,NA,NA,NA,NA,NA,0.00162458067185377,3,2,"Forest_disc_DIR50","derma"
34,4,1.43279054499552e-06,36,9,58.8,30.6,NA,NA,NA,NA,NA,NA,0.5,0.1667,0.1666,0.1666,NA,NA,NA,NA,NA,NA,0.000143279054499552,4,2,"Forest_disc_DIR50","derma"
34,5,3.17409720066989e-05,41.6,54.9,14.3,14.9,13.6,NA,NA,NA,NA,NA,0.4719,0.1687,0.1656,0.1523,0.0425,NA,NA,NA,NA,NA,0.0317409720066989,5,2,"Forest_disc_DIR50","derma"
34,6,2.72438122470869e-05,53.5,53.3,30.8,21.6,24,24.2,NA,NA,NA,NA,0.1667,0.1667,0.1667,0.1666,0.1666,0.1661,NA,NA,NA,NA,0.272438122470869,6,2,"Forest_disc_DIR50","derma"
34,7,0.000558911122482927,60.7,26.8,26.8,26.8,26.8,26.8,26.8,NA,NA,NA,0.2074,0.1667,0.1666,0.1625,0.1543,0.1286,0.0185,NA,NA,NA,0.000558911122482927,2,2,"Forest_disc_DIR50","derma"
34,8,0.000268339569334756,56.6,26.8,26.8,20.9,26.8,26.8,20.9,18.9,NA,NA,0.2779,0.2051,0.1713,0.1523,0.0965,0.0698,0.0165,0.0137,NA,NA,0.0268339569334756,4,2,"Forest_disc_DIR50","derma"
34,9,0.000600350768662489,61,26.8,26.8,26.8,26.8,26.8,26.8,26.8,26.8,NA,0.2044,0.1662,0.1543,0.1296,0.1292,0.0557,0.0556,0.0554,0.0549,NA,0.000600350768662489,2,2,"Forest_disc_DIR50","derma"
34,10,0.000191066278311066,53.3,14.9,26.8,26.8,26.8,26.8,26.8,50.6,14.9,26.8,0.3135,0.1687,0.1674,0.0576,0.0572,0.0572,0.0562,0.055,0.0535,0.0172,0.0191066278311066,4,2,"Forest_disc_DIR50","derma"
34,2,2.12150184246941e-06,22,51.4,NA,NA,NA,NA,NA,NA,NA,NA,0.6095,0.3904,NA,NA,NA,NA,NA,NA,NA,NA,2.12150184246941e-06,2,2,"Forest_disc_DIR100","derma"
34,3,2.05079573439139e-07,31.8,53.6,15.2,NA,NA,NA,NA,NA,NA,NA,0.4258,0.2901,0.284,NA,NA,NA,NA,NA,NA,NA,2.05079573439139e-06,3,2,"Forest_disc_DIR100","derma"
34,4,3.96823865278202e-07,37,15.2,16.4,58.1,NA,NA,NA,NA,NA,NA,0.4998,0.1669,0.1667,0.1666,NA,NA,NA,NA,NA,NA,3.96823865278202e-05,4,2,"Forest_disc_DIR100","derma"
34,5,5.5962745404733e-05,33.9,13.1,26.3,56.7,49.1,NA,NA,NA,NA,NA,0.2785,0.2593,0.1674,0.166,0.1303,NA,NA,NA,NA,NA,0.055962745404733,5,2,"Forest_disc_DIR100","derma"
34,6,1.57723783717466e-05,14.8,13.1,36.2,36.7,55.8,43.4,NA,NA,NA,NA,0.1669,0.1667,0.1667,0.1667,0.1667,0.1665,NA,NA,NA,NA,0.157723783717466,6,2,"Forest_disc_DIR100","derma"
34,7,5.07281439538607e-05,55.6,27.7,21.4,21.4,27.7,27.7,27.7,NA,NA,NA,0.2785,0.1667,0.1664,0.166,0.1542,0.0504,0.0187,NA,NA,NA,0.000507281439538607,3,2,"Forest_disc_DIR100","derma"
34,8,0.000277156768462502,46.3,46.1,9,25.6,25.6,21.4,25.6,25.6,NA,NA,0.2771,0.2771,0.1811,0.1608,0.0556,0.0206,0.0189,0.0053,NA,NA,0.277156768462502,5,2,"Forest_disc_DIR100","derma"
34,9,0.00378673963348866,27.7,27.7,27.7,27.7,27.7,65,27.7,27.7,21.4,NA,0.216,0.1679,0.1612,0.1299,0.1168,0.1111,0.0594,0.0555,0,NA,0.00378673963348866,2,2,"Forest_disc_DIR100","derma"
34,10,3.83779973291359e-05,55.4,24.7,24.7,24.7,30,24.4,25.4,24.9,24.9,24.7,0.2791,0.1667,0.1653,0.0556,0.0556,0.0556,0.0556,0.0556,0.0556,0.0551,0.383779973291359,6,2,"Forest_disc_DIR100","derma"
34,2,1.31150077736392e-06,21.2,52.4,NA,NA,NA,NA,NA,NA,NA,NA,0.6481,0.3519,NA,NA,NA,NA,NA,NA,NA,NA,1.31150077736392e-06,2,2,"Forest_disc_DIR200","derma"
34,3,1.10951440291428e-05,35,13.1,55.9,NA,NA,NA,NA,NA,NA,NA,0.4592,0.3333,0.2075,NA,NA,NA,NA,NA,NA,NA,0.000110951440291428,3,2,"Forest_disc_DIR200","derma"
34,4,1.06012893823001e-06,18.1,56.6,44.9,36.9,NA,NA,NA,NA,NA,NA,0.5002,0.167,0.1665,0.1662,NA,NA,NA,NA,NA,NA,0.000106012893823001,4,2,"Forest_disc_DIR200","derma"
34,5,1.12328499900083e-05,21.7,49.8,55.9,23.1,19.6,NA,NA,NA,NA,NA,0.3759,0.1674,0.1672,0.1666,0.1235,NA,NA,NA,NA,NA,0.0112328499900083,5,2,"Forest_disc_DIR200","derma"
34,6,1.76611976628436e-06,48.1,25.1,17.5,18.2,56.5,27.8,NA,NA,NA,NA,0.1667,0.1667,0.1667,0.1667,0.1667,0.1667,NA,NA,NA,NA,0.0176611976628436,6,2,"Forest_disc_DIR200","derma"
34,7,0.000119851875390107,28,62,27.8,23.6,25.1,28,28,NA,NA,NA,0.168,0.1667,0.1665,0.1625,0.1497,0.1301,0.0556,NA,NA,NA,0.119851875390107,5,2,"Forest_disc_DIR200","derma"
34,8,0.000672907864218927,28,28,28,28,28,66,28,28,NA,NA,0.1858,0.1666,0.1648,0.1501,0.131,0.1111,0.0514,0.0428,NA,NA,0.000672907864218927,2,2,"Forest_disc_DIR200","derma"
34,9,0.000108785657985039,44.8,25.9,21.7,25.9,26.6,65.3,27.3,25.9,21.7,NA,0.203,0.1776,0.1722,0.1307,0.128,0.0933,0.0535,0.0199,0.0192,NA,1.08785657985039,6,2,"Forest_disc_DIR200","derma"
34,10,0.0013770460957112,28,28,28,66,15.3,28,28,28,28,28,0.2659,0.1749,0.1625,0.1111,0.0741,0.0558,0.0555,0.0418,0.0391,0.0295,0.013770460957112,3,2,"Forest_disc_DIR200","derma"
34,2,5.52783742544931e-07,20,52,NA,NA,NA,NA,NA,NA,NA,NA,0.588,0.412,NA,NA,NA,NA,NA,NA,NA,NA,5.52783742544931e-07,2,3,"Forest_disc_NLD50","derma"
34,3,4.44251972404081e-31,16,37.6,57.4,NA,NA,NA,NA,NA,NA,NA,0.3988,0.3891,0.2121,NA,NA,NA,NA,NA,NA,NA,4.44251972404081e-30,3,3,"Forest_disc_NLD50","derma"
34,4,1.89406855815266e-29,17.2,46.1,42,64.2,NA,NA,NA,NA,NA,NA,0.4655,0.2623,0.197,0.0752,NA,NA,NA,NA,NA,NA,1.89406855815266e-27,4,3,"Forest_disc_NLD50","derma"
34,5,2.06213379787764e-30,27.4,54.3,9.2,14.2,12.2,NA,NA,NA,NA,NA,0.4843,0.3259,0.0747,0.0653,0.0499,NA,NA,NA,NA,NA,2.06213379787764e-27,5,3,"Forest_disc_NLD50","derma"
34,6,1.58917007681528e-31,25.5,52.4,55.6,9,45.8,54,NA,NA,NA,NA,0.5269,0.1717,0.1533,0.1241,0.02,0.0041,NA,NA,NA,NA,1.58917007681528e-27,6,3,"Forest_disc_NLD50","derma"
34,7,1.86715148262732e-31,34.8,15.3,56.1,56.7,51.8,15.5,34.4,NA,NA,NA,0.3846,0.3542,0.1415,0.1019,0.009,0.0054,0.0033,NA,NA,NA,1.86715148262732e-26,7,3,"Forest_disc_NLD50","derma"
34,8,1.85206787071764e-16,15.7,30.7,55.3,45.3,39.8,42.2,63.3,19.7,NA,NA,0.3712,0.1807,0.1482,0.1023,0.0958,0.0587,0.0422,9e-04,NA,NA,1.85206787071764e-10,8,3,"Forest_disc_NLD50","derma"
34,9,1.98428583522683e-09,52.5,33.5,25.2,10.6,57.7,20.6,19.7,14.8,26.1,NA,0.2168,0.2037,0.1654,0.1101,0.0988,0.0748,0.062,0.0537,0.0147,NA,0.0198428583522683,9,3,"Forest_disc_NLD50","derma"
34,10,2.36102786982466e-08,54.8,18,31.4,32.2,23.7,12.8,46.3,9,23.1,16.4,0.2908,0.2191,0.1925,0.076,0.0686,0.0623,0.0373,0.0372,0.0112,0.0051,2.36102786982466,10,3,"Forest_disc_NLD50","derma"
34,2,6.46620169128296e-07,20.6,51.6,NA,NA,NA,NA,NA,NA,NA,NA,0.6022,0.3977,NA,NA,NA,NA,NA,NA,NA,NA,6.46620169128296e-07,2,3,"Forest_disc_NLD100","derma"
34,3,6.95681045289424e-09,16.8,38.9,58.5,NA,NA,NA,NA,NA,NA,NA,0.4198,0.4125,0.1677,NA,NA,NA,NA,NA,NA,NA,6.95681045289424e-08,3,3,"Forest_disc_NLD100","derma"
34,4,3.8537521165004e-31,32.3,14.5,56.5,44,NA,NA,NA,NA,NA,NA,0.4137,0.3052,0.2203,0.0608,NA,NA,NA,NA,NA,NA,3.8537521165004e-29,4,3,"Forest_disc_NLD100","derma"
34,5,1.37907768353837e-09,26,49.5,12.7,66,30.2,NA,NA,NA,NA,NA,0.4213,0.3432,0.1964,0.0357,0.0033,NA,NA,NA,NA,NA,1.37907768353837e-06,5,3,"Forest_disc_NLD100","derma"
34,6,5.95932124402095e-18,17,41,44.2,62,39.2,16.4,NA,NA,NA,NA,0.4255,0.2255,0.1436,0.1025,0.0906,0.0123,NA,NA,NA,NA,5.95932124402095e-14,6,3,"Forest_disc_NLD100","derma"
34,7,3.92255897953891e-30,16.4,38.4,48.8,46.8,23.4,66,46.1,NA,NA,NA,0.3747,0.1988,0.1216,0.1151,0.0873,0.0523,0.0502,NA,NA,NA,3.92255897953891e-25,7,3,"Forest_disc_NLD100","derma"
34,8,7.5406936069174e-29,15.1,29.7,59,33.5,14.5,35.5,45.9,51.2,NA,NA,0.2085,0.1644,0.1287,0.1178,0.1097,0.1041,0.0928,0.0741,NA,NA,7.5406936069174e-23,8,3,"Forest_disc_NLD100","derma"
34,9,6.78421812966594e-30,42.2,19.1,61.1,39.4,13.4,12.7,59.2,31.1,22.7,NA,0.3197,0.2868,0.0696,0.0694,0.0641,0.0635,0.0578,0.0383,0.0308,NA,6.78421812966594e-23,9,3,"Forest_disc_NLD100","derma"
34,10,8.07317246512441e-20,16.7,34.4,45.7,47.5,37.6,43.5,45.3,64.5,60.4,11.6,0.4174,0.1283,0.1049,0.0824,0.0802,0.0562,0.0486,0.0481,0.0337,1e-04,8.07317246512441e-12,10,3,"Forest_disc_NLD100","derma"
34,2,4.89152993831602e-07,20.8,51,NA,NA,NA,NA,NA,NA,NA,NA,0.6155,0.3845,NA,NA,NA,NA,NA,NA,NA,NA,4.89152993831602e-07,2,3,"Forest_disc_NLD200","derma"
34,3,6.16207084146864e-30,32,14.8,55.1,NA,NA,NA,NA,NA,NA,NA,0.453,0.3038,0.2433,NA,NA,NA,NA,NA,NA,NA,6.16207084146864e-29,3,3,"Forest_disc_NLD200","derma"
34,4,3.04956285140774e-33,37.6,16.8,57.7,64.3,NA,NA,NA,NA,NA,NA,0.4227,0.4099,0.1673,0,NA,NA,NA,NA,NA,NA,3.04956285140774e-32,3,3,"Forest_disc_NLD200","derma"
34,5,4.41157729530314e-08,23.9,53.9,52.2,10.7,36.8,NA,NA,NA,NA,NA,0.5014,0.1699,0.1308,0.1082,0.0897,NA,NA,NA,NA,NA,4.41157729530314e-05,5,3,"Forest_disc_NLD200","derma"
34,6,8.59152996669295e-08,25.7,52.2,14.2,39,57.5,55.6,NA,NA,NA,NA,0.4433,0.2783,0.1991,0.0465,0.0253,0.0074,NA,NA,NA,NA,0.000859152996669295,6,3,"Forest_disc_NLD200","derma"
34,7,1.53462129679682e-17,15.6,33.1,57,41.9,29.3,20.5,9.1,NA,NA,NA,0.3302,0.1926,0.1772,0.1661,0.1234,0.0102,2e-04,NA,NA,NA,1.53462129679682e-12,7,3,"Forest_disc_NLD200","derma"
34,8,4.34390175689391e-08,17.9,42.7,48.7,59.1,37.8,32.4,24.1,31.2,NA,NA,0.4455,0.1533,0.1091,0.1048,0.095,0.0673,0.025,0,NA,NA,0.00434390175689391,7,3,"Forest_disc_NLD200","derma"
34,9,8.16146520940473e-08,18.3,44.3,24.8,60.8,48.7,47.7,44.2,31.6,60.7,NA,0.4376,0.2195,0.0983,0.0725,0.0709,0.0441,0.034,0.0211,0.002,NA,0.816146520940473,9,3,"Forest_disc_NLD200","derma"
34,10,1.07069968834729e-32,40,18.5,16.1,15.6,59,60.4,18.3,19.5,44.9,14.7,0.406,0.1769,0.091,0.0871,0.0736,0.0498,0.0455,0.0445,0.0211,0.0046,1.07069968834729e-24,10,3,"Forest_disc_NLD200","derma"
34,2,1.82612631006923e-06,20.5,48.7,NA,NA,NA,NA,NA,NA,NA,NA,0.5536,0.4465,NA,NA,NA,NA,NA,NA,NA,NA,1.82612631006923e-06,2,3,"Forest_disc_DIR50","derma"
34,3,6.78734125870674e-09,37,16.4,56.4,NA,NA,NA,NA,NA,NA,NA,0.4889,0.3445,0.1667,NA,NA,NA,NA,NA,NA,NA,6.78734125870674e-08,3,3,"Forest_disc_DIR50","derma"
34,4,4.37086570981832e-07,36,10.8,56.8,23.1,NA,NA,NA,NA,NA,NA,0.5,0.1667,0.1667,0.1667,NA,NA,NA,NA,NA,NA,4.37086570981832e-05,4,3,"Forest_disc_DIR50","derma"
34,5,3.4214210256724e-05,26.5,54.1,24.5,21.8,26.5,NA,NA,NA,NA,NA,0.3723,0.2784,0.1646,0.1278,0.0568,NA,NA,NA,NA,NA,0.0034214210256724,4,3,"Forest_disc_DIR50","derma"
34,6,3.44195422203131e-05,54.1,24.3,24.3,26.5,26.5,24.5,NA,NA,NA,NA,0.278,0.1666,0.1666,0.1666,0.1665,0.0551,NA,NA,NA,NA,0.00344195422203131,4,3,"Forest_disc_DIR50","derma"
34,7,0.000312166389100573,27.2,61.5,27.2,27.2,27.2,27.2,27.2,NA,NA,NA,0.168,0.167,0.1666,0.1625,0.1543,0.1292,0.0551,NA,NA,NA,0.000312166389100573,2,3,"Forest_disc_DIR50","derma"
34,8,8.34910046257223e-06,52.1,51.4,15.1,27.2,25.1,27.2,27.2,27.2,NA,NA,0.1682,0.1671,0.1669,0.1667,0.1666,0.0557,0.0556,0.0537,NA,NA,0.00834910046257223,5,3,"Forest_disc_DIR50","derma"
34,9,0.000102936006034761,58.1,26.5,27.2,27.2,27.2,27.2,26.5,27.2,27.2,NA,0.2031,0.1667,0.1653,0.1298,0.1292,0.056,0.0556,0.0543,0.04,NA,0.00102936006034761,3,3,"Forest_disc_DIR50","derma"
34,10,3.239143558167e-05,43,57.6,27.1,21,26.4,27.1,27.1,26.8,14.9,27.1,0.1708,0.1667,0.1667,0.1626,0.0556,0.0556,0.0556,0.0556,0.0556,0.0556,3.239143558167,7,3,"Forest_disc_DIR50","derma"
34,2,1.29077857790995e-06,20.8,51.3,NA,NA,NA,NA,NA,NA,NA,NA,0.605,0.3949,NA,NA,NA,NA,NA,NA,NA,NA,1.29077857790995e-06,2,3,"Forest_disc_DIR100","derma"
34,3,3.20569944064954e-05,36.4,15.3,57.6,NA,NA,NA,NA,NA,NA,NA,0.4979,0.3283,0.1725,NA,NA,NA,NA,NA,NA,NA,0.000320569944064954,3,3,"Forest_disc_DIR100","derma"
34,4,7.83059762967828e-06,37.4,57.5,17.5,9.7,NA,NA,NA,NA,NA,NA,0.4998,0.1669,0.1667,0.1667,NA,NA,NA,NA,NA,NA,0.000783059762967828,4,3,"Forest_disc_DIR100","derma"
34,5,0.000113518199696046,25.2,58.3,25.9,25.9,59.9,NA,NA,NA,NA,NA,0.4943,0.171,0.1513,0.1295,0.0544,NA,NA,NA,NA,NA,0.0113518199696046,4,3,"Forest_disc_DIR100","derma"
34,6,1.38740688777293e-05,49.6,19.9,56.2,28,20.5,23.6,NA,NA,NA,NA,0.1672,0.1668,0.1667,0.1666,0.1662,0.1662,NA,NA,NA,NA,0.138740688777293,6,3,"Forest_disc_DIR100","derma"
34,7,5.0071748075911e-05,55.7,21.7,21.7,28,21.7,28,28,NA,NA,NA,0.2798,0.1664,0.1661,0.1549,0.1277,0.0558,0.0499,NA,NA,NA,0.00050071748075911,3,3,"Forest_disc_DIR100","derma"
34,8,0.0051956184647619,47,28,28,28,28,28,28,28,NA,NA,0.2963,0.2023,0.166,0.1624,0.0555,0.0514,0.0432,0.0262,NA,NA,0.0051956184647619,2,3,"Forest_disc_DIR100","derma"
34,9,0.000133197294317796,25.9,61.8,25.9,28,25.9,42.8,23.8,25.9,28,NA,0.1671,0.1663,0.1625,0.1543,0.1296,0.0562,0.0555,0.0549,0.0533,NA,0.133197294317796,5,3,"Forest_disc_DIR100","derma"
34,10,0.000170519203181803,27.1,28,27,62.5,27.3,28,27.1,27.7,27.3,27.1,0.1671,0.1669,0.1667,0.166,0.056,0.0557,0.0556,0.0556,0.0556,0.0542,1.70519203181803,6,3,"Forest_disc_DIR100","derma"
34,2,8.09303726526229e-06,20.9,53.3,NA,NA,NA,NA,NA,NA,NA,NA,0.7181,0.2818,NA,NA,NA,NA,NA,NA,NA,NA,8.09303726526229e-06,2,3,"Forest_disc_DIR200","derma"
34,3,9.53880038478353e-06,20.7,56.1,47,NA,NA,NA,NA,NA,NA,NA,0.7037,0.1662,0.1301,NA,NA,NA,NA,NA,NA,NA,9.53880038478353e-05,3,3,"Forest_disc_DIR200","derma"
34,4,9.48431274368391e-07,18,44.6,55.7,25.6,NA,NA,NA,NA,NA,NA,0.4999,0.1667,0.1667,0.1666,NA,NA,NA,NA,NA,NA,9.48431274368391e-05,4,3,"Forest_disc_DIR200","derma"
34,5,8.64732291373145e-05,25.6,23.1,60,15.3,23.1,NA,NA,NA,NA,NA,0.5534,0.1911,0.1669,0.045,0.0427,NA,NA,NA,NA,NA,0.00864732291373145,4,3,"Forest_disc_DIR200","derma"
34,6,1.01027884090417e-06,18.6,36.7,37.4,56.6,17.1,13.2,NA,NA,NA,NA,0.1668,0.1667,0.1667,0.1666,0.1666,0.1666,NA,NA,NA,NA,0.0101027884090417,6,3,"Forest_disc_DIR200","derma"
34,7,5.99073169306647e-06,56.9,38.9,26.1,19.6,21.7,15.3,9,NA,NA,NA,0.1791,0.1664,0.1664,0.1663,0.1638,0.1342,0.0233,NA,NA,NA,0.599073169306647,7,3,"Forest_disc_DIR200","derma"
34,8,4.93497864643504e-05,27.9,23.8,59.7,27.3,14.6,28,27.3,28,NA,NA,0.1667,0.1667,0.1666,0.1665,0.1664,0.0556,0.0555,0.0554,NA,NA,0.493497864643504,6,3,"Forest_disc_DIR200","derma"
34,9,8.73524289773699e-05,59.7,26.6,23.8,23.8,23.8,26.3,26.4,26,9,NA,0.1674,0.1666,0.1666,0.166,0.1457,0.0555,0.0554,0.055,0.0206,NA,8.73524289773699,7,3,"Forest_disc_DIR200","derma"
34,10,0.000145026110727601,28,28,28,15.3,65.8,28,28,28,28,15.3,0.1998,0.1777,0.1708,0.15,0.1106,0.0679,0.0515,0.0513,0.0185,0.0015,0.00145026110727601,3,3,"Forest_disc_DIR200","derma"
34,2,7.25210062725822e-07,24.5,52.3,NA,NA,NA,NA,NA,NA,NA,NA,0.6017,0.3983,NA,NA,NA,NA,NA,NA,NA,NA,7.25210062725822e-07,2,4,"Forest_disc_NLD50","derma"
34,3,5.52691936425377e-29,33.9,57.6,14.1,NA,NA,NA,NA,NA,NA,NA,0.6086,0.2163,0.1751,NA,NA,NA,NA,NA,NA,NA,5.52691936425377e-28,3,4,"Forest_disc_NLD50","derma"
34,4,8.64705243126551e-30,34.9,58.1,17,11.7,NA,NA,NA,NA,NA,NA,0.588,0.2025,0.1541,0.0554,NA,NA,NA,NA,NA,NA,8.64705243126551e-28,4,4,"Forest_disc_NLD50","derma"
34,5,4.33771067894484e-28,38.3,16.6,60.7,22.3,16.5,NA,NA,NA,NA,NA,0.5636,0.2116,0.143,0.0679,0.0138,NA,NA,NA,NA,NA,4.33771067894484e-25,5,4,"Forest_disc_NLD50","derma"
34,6,4.22381457528857e-07,23.1,46.8,58.3,40.7,22.7,39.2,NA,NA,NA,NA,0.5188,0.2892,0.1296,0.0578,0.0045,1e-04,NA,NA,NA,NA,0.00422381457528857,6,4,"Forest_disc_NLD50","derma"
34,7,4.26831639613515e-07,22.2,25.8,46.9,48.5,50.8,61.4,42.8,NA,NA,NA,0.3246,0.228,0.1537,0.1379,0.094,0.0617,0,NA,NA,NA,0.00426831639613515,6,4,"Forest_disc_NLD50","derma"
34,8,1.32601595408596e-09,31.4,40.1,61.3,15.6,52.5,14,43.1,53.2,NA,NA,0.3941,0.1516,0.105,0.1043,0.0864,0.0807,0.0771,7e-04,NA,NA,0.00132601595408596,8,4,"Forest_disc_NLD50","derma"
34,9,1.87564443999866e-07,22.1,34.5,58.6,17.6,45.3,41.7,35.8,57,51.8,NA,0.2826,0.1417,0.108,0.1015,0.0976,0.0934,0.0854,0.0451,0.0448,NA,1.87564443999866,9,4,"Forest_disc_NLD50","derma"
34,10,1.49553510199841e-32,41,19.7,14,63.1,31.5,63,22.4,19.3,58.1,61.3,0.5158,0.201,0.0649,0.0591,0.0506,0.0415,0.0397,0.0232,0.0039,3e-04,1.49553510199841e-24,10,4,"Forest_disc_NLD50","derma"
34,2,6.88910818559276e-07,21.8,51.8,NA,NA,NA,NA,NA,NA,NA,NA,0.5936,0.4064,NA,NA,NA,NA,NA,NA,NA,NA,6.88910818559276e-07,2,4,"Forest_disc_NLD100","derma"
34,3,1.78339817898e-29,35.5,15.6,57.5,NA,NA,NA,NA,NA,NA,NA,0.4851,0.3069,0.208,NA,NA,NA,NA,NA,NA,NA,1.78339817898e-28,3,4,"Forest_disc_NLD100","derma"
34,4,3.43986348400846e-07,20.2,55,41,40.2,NA,NA,NA,NA,NA,NA,0.5057,0.2511,0.2384,0.0048,NA,NA,NA,NA,NA,NA,3.43986348400846e-05,4,4,"Forest_disc_NLD100","derma"
34,5,3.64265240695848e-07,53.3,18.5,25.6,36.6,17.7,NA,NA,NA,NA,NA,0.3348,0.2965,0.2258,0.123,0.0198,NA,NA,NA,NA,NA,0.000364265240695848,5,4,"Forest_disc_NLD100","derma"
34,6,2.50529899750339e-20,30.9,17.5,47.9,60,51.5,8.2,NA,NA,NA,NA,0.3912,0.2241,0.1764,0.1086,0.0513,0.0484,NA,NA,NA,NA,2.50529899750339e-16,6,4,"Forest_disc_NLD100","derma"
34,7,1.68534361200805e-31,37.3,16,57.9,34.8,26.2,26.1,65.5,NA,NA,NA,0.4374,0.3231,0.1809,0.0258,0.0192,0.0073,0.0063,NA,NA,NA,1.68534361200805e-26,7,4,"Forest_disc_NLD100","derma"
34,8,0,42.1,17.8,62.7,65.3,44.5,38.4,55.9,57,NA,NA,0.4713,0.4128,0.0659,0.0237,0.0151,0.0106,6e-04,0,NA,NA,0,7,4,"Forest_disc_NLD100","derma"
34,9,2.04752119455946e-11,20.5,48.2,38.5,39.3,36.2,12.6,63,15.4,57.5,NA,0.2812,0.1615,0.1408,0.0952,0.0937,0.0902,0.0703,0.0364,0.0308,NA,0.000204752119455946,9,4,"Forest_disc_NLD100","derma"
34,10,4.19059394159441e-30,32.8,14.2,55.7,58,54.9,57.6,36.9,19.9,46.7,57.7,0.4608,0.2365,0.0917,0.0687,0.0356,0.0265,0.025,0.0238,0.0227,0.0086,4.19059394159441e-22,10,4,"Forest_disc_NLD100","derma"
34,2,9.3057448896591e-07,20.5,53.5,NA,NA,NA,NA,NA,NA,NA,NA,0.5722,0.4278,NA,NA,NA,NA,NA,NA,NA,NA,9.3057448896591e-07,2,4,"Forest_disc_NLD200","derma"
34,3,8.71445469560912e-31,40.4,16,60.8,NA,NA,NA,NA,NA,NA,NA,0.4364,0.3857,0.1779,NA,NA,NA,NA,NA,NA,NA,8.71445469560912e-30,3,4,"Forest_disc_NLD200","derma"
34,4,1.47138610054754e-08,55.8,25.2,29.9,9.7,NA,NA,NA,NA,NA,NA,0.3437,0.3034,0.216,0.1369,NA,NA,NA,NA,NA,NA,1.47138610054754e-06,4,4,"Forest_disc_NLD200","derma"
34,5,1.30354279721435e-09,44.1,16.6,63.6,39.7,27.9,NA,NA,NA,NA,NA,0.4195,0.4094,0.1164,0.0311,0.0237,NA,NA,NA,NA,NA,1.30354279721435e-06,5,4,"Forest_disc_NLD200","derma"
34,6,1.09405858800973e-07,55.6,20.4,34.2,24.1,8.2,55.4,NA,NA,NA,NA,0.3088,0.2877,0.1842,0.1167,0.0685,0.034,NA,NA,NA,NA,0.00109405858800973,6,4,"Forest_disc_NLD200","derma"
34,7,6.3196122519883e-31,24.9,56.2,7.7,36.8,33.7,29,23.3,NA,NA,NA,0.4044,0.324,0.1071,0.0829,0.0382,0.0266,0.0168,NA,NA,NA,6.3196122519883e-26,7,4,"Forest_disc_NLD200","derma"
34,8,5.39410045308138e-08,16.9,47.6,62.5,32.7,39.4,16.8,43,16.4,NA,NA,0.4022,0.3008,0.1144,0.1085,0.0671,0.0068,0,0,NA,NA,0.000539410045308138,6,4,"Forest_disc_NLD200","derma"
34,9,1.16517626351349e-09,43.7,15.9,22.8,61.3,46.9,66,66,21.9,57.4,NA,0.4038,0.3406,0.088,0.0636,0.0356,0.0267,0.0227,0.0111,0.0077,NA,0.00116517626351349,8,4,"Forest_disc_NLD200","derma"
34,10,2.00341738596447e-25,17.8,43.7,13,52.1,40.3,65.8,65.9,49.8,57.9,66,0.3616,0.356,0.0686,0.0468,0.0427,0.0325,0.0314,0.0296,0.0177,0.013,2.00341738596447e-17,10,4,"Forest_disc_NLD200","derma"
34,2,8.4960065562254e-07,22.2,53.4,NA,NA,NA,NA,NA,NA,NA,NA,0.6056,0.3944,NA,NA,NA,NA,NA,NA,NA,NA,8.4960065562254e-07,2,4,"Forest_disc_DIR50","derma"
34,3,0.000120538695659042,26.8,35.3,63.6,NA,NA,NA,NA,NA,NA,NA,0.6075,0.22,0.1709,NA,NA,NA,NA,NA,NA,NA,0.00120538695659042,3,4,"Forest_disc_DIR50","derma"
34,4,1.96657909583174e-06,21.3,55.7,54.4,33.3,NA,NA,NA,NA,NA,NA,0.4999,0.1669,0.1667,0.1665,NA,NA,NA,NA,NA,NA,0.000196657909583174,4,4,"Forest_disc_DIR50","derma"
34,5,1.14606814796264e-05,37.6,61.9,20.4,13.9,24.7,NA,NA,NA,NA,NA,0.4595,0.1664,0.1651,0.1536,0.0556,NA,NA,NA,NA,NA,0.0114606814796264,5,4,"Forest_disc_DIR50","derma"
34,6,2.85967995267226e-06,25,54.4,32.2,55.8,18.6,20.7,NA,NA,NA,NA,0.1667,0.1667,0.1667,0.1667,0.1667,0.1667,NA,NA,NA,NA,0.0285967995267226,6,4,"Forest_disc_DIR50","derma"
34,7,1.61510911184147e-06,53.7,55.5,20.4,20.4,37.6,20.4,20.4,NA,NA,NA,0.1669,0.1667,0.1665,0.1662,0.1532,0.1254,0.0554,NA,NA,NA,0.000161510911184147,4,4,"Forest_disc_DIR50","derma"
34,8,0.000400418988565676,26.8,63.4,26.8,26.8,26.1,26.1,26.8,26.1,NA,NA,0.2783,0.2016,0.1673,0.1297,0.0603,0.0561,0.0558,0.0543,NA,NA,0.00400418988565676,3,4,"Forest_disc_DIR50","derma"
34,9,8.34017047750936e-06,55.6,26.1,26.8,20.4,25.4,54.8,25.9,9.6,26.4,NA,0.2773,0.1713,0.1628,0.1249,0.0589,0.0561,0.0554,0.0508,0.0432,NA,83.4017047750936,9,4,"Forest_disc_DIR50","derma"
34,10,0.0150896322452572,46.2,26.8,26.8,26.8,26.8,26.8,26.8,26.8,26.8,26.8,0.3333,0.1662,0.1488,0.0921,0.0556,0.0556,0.0555,0.0512,0.0445,0.0173,0.0150896322452572,2,4,"Forest_disc_DIR50","derma"
34,2,6.17312014179596e-06,21.2,55.8,NA,NA,NA,NA,NA,NA,NA,NA,0.5973,0.4024,NA,NA,NA,NA,NA,NA,NA,NA,6.17312014179596e-06,2,4,"Forest_disc_DIR100","derma"
34,3,7.04898232557828e-05,24.1,62.4,53,NA,NA,NA,NA,NA,NA,NA,0.6667,0.1681,0.1651,NA,NA,NA,NA,NA,NA,NA,0.000704898232557828,3,4,"Forest_disc_DIR100","derma"
34,4,2.04062166384673e-06,18.1,42.9,56.2,56.5,NA,NA,NA,NA,NA,NA,0.5002,0.1667,0.1666,0.1666,NA,NA,NA,NA,NA,NA,0.000204062166384673,4,4,"Forest_disc_DIR100","derma"
34,5,0.000141281208037122,52.3,11.8,20.5,24.8,20.5,NA,NA,NA,NA,NA,0.4993,0.1811,0.1326,0.1292,0.0558,NA,NA,NA,NA,NA,0.0141281208037122,4,4,"Forest_disc_DIR100","derma"
34,6,3.08182575459502e-05,16.9,56.3,59.8,26.9,27,24.4,NA,NA,NA,NA,0.1669,0.1667,0.1667,0.1666,0.1666,0.166,NA,NA,NA,NA,0.308182575459502,6,4,"Forest_disc_DIR100","derma"
34,7,0.000146287365593073,24.9,46.5,65.5,24.3,25.7,25.7,25.7,NA,NA,NA,0.1716,0.1674,0.1667,0.1666,0.1542,0.1168,0.0555,NA,NA,NA,0.146287365593073,5,4,"Forest_disc_DIR100","derma"
34,8,4.35730553890301e-05,56.5,26.3,24.5,59.9,19.9,23.3,23.3,26.6,NA,NA,0.1667,0.1667,0.1667,0.1667,0.1667,0.0556,0.0556,0.0556,NA,NA,4.35730553890301,7,4,"Forest_disc_DIR100","derma"
34,9,0.000147736388851647,61.9,27,27,24.8,27,61.9,27,27,14,NA,0.1668,0.1665,0.1664,0.1253,0.116,0.0928,0.0601,0.0557,0.0508,NA,0.0147736388851647,4,4,"Forest_disc_DIR100","derma"
34,10,0.000297297759187219,64.8,27,27,27,27,27,27,27,27,27,0.2163,0.1667,0.1542,0.1346,0.0884,0.0555,0.0555,0.0554,0.0432,0.0309,0.000297297759187219,2,4,"Forest_disc_DIR100","derma"
34,2,1.47844104733225e-05,18.3,50.9,NA,NA,NA,NA,NA,NA,NA,NA,0.5315,0.4689,NA,NA,NA,NA,NA,NA,NA,NA,1.47844104733225e-05,2,4,"Forest_disc_DIR200","derma"
34,3,0.000120565478526026,27,61.2,27.3,NA,NA,NA,NA,NA,NA,NA,0.5871,0.2085,0.2032,NA,NA,NA,NA,NA,NA,NA,0.00120565478526026,3,4,"Forest_disc_DIR200","derma"
34,4,3.08973465109802e-05,50,16.2,16.9,19.1,NA,NA,NA,NA,NA,NA,0.4995,0.1672,0.1668,0.1666,NA,NA,NA,NA,NA,NA,0.00308973465109802,4,4,"Forest_disc_DIR200","derma"
34,5,3.55320071209706e-05,50.1,17.2,13.3,19.4,25.6,NA,NA,NA,NA,NA,0.4938,0.1673,0.1527,0.1308,0.0557,NA,NA,NA,NA,NA,0.0355320071209706,5,4,"Forest_disc_DIR200","derma"
34,6,3.45996271408158e-06,17.9,18.1,19.4,56.3,41,49.8,NA,NA,NA,NA,0.1667,0.1667,0.1667,0.1667,0.1666,0.1666,NA,NA,NA,NA,0.0345996271408158,6,4,"Forest_disc_DIR200","derma"
34,7,6.6489185323248e-05,43.1,27,24.8,62.4,24.1,26.3,11.8,NA,NA,NA,0.1669,0.1669,0.1666,0.1661,0.1497,0.1286,0.0553,NA,NA,NA,6.6489185323248,7,4,"Forest_disc_DIR200","derma"
34,8,1.26433137917574e-05,54,19.5,56.2,23.8,26,25.3,24.1,21.7,NA,NA,0.1672,0.1668,0.1667,0.1667,0.1663,0.0556,0.0555,0.055,NA,NA,12.6433137917574,8,4,"Forest_disc_DIR200","derma"
34,9,0.000131937013722224,61.7,27,27,27,27,27,27,27,27,NA,0.2044,0.1667,0.1665,0.1662,0.1254,0.0574,0.0514,0.043,0.0184,NA,0.000131937013722224,2,4,"Forest_disc_DIR200","derma"
34,10,1.66367268542505e-05,47.3,60.2,26.3,26,23.9,26.8,27,13.9,25.8,11.6,0.1683,0.1667,0.1667,0.1666,0.0555,0.0555,0.0555,0.0554,0.0554,0.0542,1663.67268542505,10,4,"Forest_disc_DIR200","derma"
34,2,5.87982214825254e-07,20.9,52.7,NA,NA,NA,NA,NA,NA,NA,NA,0.5844,0.4155,NA,NA,NA,NA,NA,NA,NA,NA,5.87982214825254e-07,2,5,"Forest_disc_NLD50","derma"
34,3,4.89069378049484e-07,20.2,53,30.8,NA,NA,NA,NA,NA,NA,NA,0.5247,0.3998,0.0754,NA,NA,NA,NA,NA,NA,NA,4.89069378049484e-06,3,5,"Forest_disc_NLD50","derma"
34,4,3.15307206093791e-30,16.8,46.2,34.7,61.1,NA,NA,NA,NA,NA,NA,0.3902,0.2667,0.2177,0.1254,NA,NA,NA,NA,NA,NA,3.15307206093791e-28,4,5,"Forest_disc_NLD50","derma"
34,5,4.82743929901604e-32,26.9,54.8,9.1,11.3,24.6,NA,NA,NA,NA,NA,0.5337,0.3369,0.0819,0.0475,0,NA,NA,NA,NA,NA,4.82743929901604e-30,4,5,"Forest_disc_NLD50","derma"
34,6,1.00565960093678e-29,28.1,56.1,17.7,9.6,44.9,28.8,NA,NA,NA,NA,0.3872,0.2703,0.1348,0.0932,0.091,0.0235,NA,NA,NA,NA,1.00565960093678e-25,6,5,"Forest_disc_NLD50","derma"
34,7,3.50928820743654e-07,19.2,53.6,34.6,28.8,20.3,22.9,27.8,NA,NA,NA,0.435,0.3704,0.0969,0.061,0.0222,0.0144,0,NA,NA,NA,0.00350928820743654,6,5,"Forest_disc_NLD50","derma"
34,8,3.63928014779302e-08,17.6,50.3,40.2,62.6,33.9,25.8,31.3,44.1,NA,NA,0.4033,0.2472,0.1081,0.0755,0.062,0.0434,0.0309,0.0296,NA,NA,0.0363928014779302,8,5,"Forest_disc_NLD50","derma"
34,9,1.45796137680908e-08,15.5,45.2,38.5,22.7,56.7,24.3,55.6,32.6,63.4,NA,0.2602,0.1468,0.1191,0.1085,0.0958,0.0853,0.0846,0.0693,0.0304,NA,0.145796137680908,9,5,"Forest_disc_NLD50","derma"
34,10,7.1381103986697e-09,25.6,55,8.8,39.9,11.7,21.7,40.3,11.6,29.6,44.5,0.4538,0.3199,0.0672,0.0603,0.0414,0.041,0.0094,0.0045,0.002,7e-04,0.71381103986697,10,5,"Forest_disc_NLD50","derma"
34,2,7.81395436299936e-07,21.1,53.1,NA,NA,NA,NA,NA,NA,NA,NA,0.6505,0.3495,NA,NA,NA,NA,NA,NA,NA,NA,7.81395436299936e-07,2,5,"Forest_disc_NLD100","derma"
34,3,1.56490446895833e-29,17,39.3,61.6,NA,NA,NA,NA,NA,NA,NA,0.4444,0.4275,0.1281,NA,NA,NA,NA,NA,NA,NA,1.56490446895833e-28,3,5,"Forest_disc_NLD100","derma"
34,4,1.47634994340707e-07,18.9,42.3,59.8,35.8,NA,NA,NA,NA,NA,NA,0.53,0.311,0.1413,0.0177,NA,NA,NA,NA,NA,NA,1.47634994340707e-05,4,5,"Forest_disc_NLD100","derma"
34,5,1.14640028937345e-29,19.9,57.2,29.8,34.7,9.6,NA,NA,NA,NA,NA,0.2629,0.2257,0.2167,0.1925,0.1022,NA,NA,NA,NA,NA,1.14640028937345e-26,5,5,"Forest_disc_NLD100","derma"
34,6,4.76645213151576e-31,29.2,13.8,59.2,31,46.4,40.5,NA,NA,NA,NA,0.3235,0.267,0.1604,0.1243,0.1239,0.001,NA,NA,NA,NA,4.76645213151576e-27,6,5,"Forest_disc_NLD100","derma"
34,7,1.76360820944879e-19,17.9,35.6,59.3,42.3,23.5,31.2,8.5,NA,NA,NA,0.3014,0.2018,0.1667,0.1263,0.0991,0.0542,0.0505,NA,NA,NA,1.76360820944879e-14,7,5,"Forest_disc_NLD100","derma"
34,8,1.40956718265521e-30,13.6,48.8,27.1,19,41.1,31.9,62.3,27.9,NA,NA,0.2044,0.1549,0.1521,0.1128,0.1053,0.104,0.0976,0.0689,NA,NA,1.40956718265521e-24,8,5,"Forest_disc_NLD100","derma"
34,9,2.38700065097653e-30,26.6,26.2,54.9,58.3,10.3,8,27,47.3,55.3,NA,0.3282,0.2152,0.1129,0.0892,0.0709,0.0571,0.0478,0.0409,0.0378,NA,2.38700065097653e-23,9,5,"Forest_disc_NLD100","derma"
34,10,2.15843499711849e-14,20.4,40.8,61.9,49.4,29.1,8,8.2,56.3,43,41,0.4505,0.2718,0.1057,0.0713,0.0356,0.0314,0.0267,0.0067,2e-04,0,2.15843499711849e-07,9,5,"Forest_disc_NLD100","derma"
34,2,7.39130500130999e-07,20.9,52,NA,NA,NA,NA,NA,NA,NA,NA,0.6411,0.3589,NA,NA,NA,NA,NA,NA,NA,NA,7.39130500130999e-07,2,5,"Forest_disc_NLD200","derma"
34,3,7.44809702394436e-31,28.2,55.3,11,NA,NA,NA,NA,NA,NA,NA,0.5679,0.2548,0.1773,NA,NA,NA,NA,NA,NA,NA,7.44809702394436e-30,3,5,"Forest_disc_NLD200","derma"
34,4,4.32459440795248e-30,33.9,15.1,57.9,56.6,NA,NA,NA,NA,NA,NA,0.4657,0.3402,0.1334,0.0607,NA,NA,NA,NA,NA,NA,4.32459440795248e-28,4,5,"Forest_disc_NLD200","derma"
34,5,1.12929716640037e-28,28.8,14.3,58.8,43.2,37.6,NA,NA,NA,NA,NA,0.3295,0.288,0.1544,0.144,0.084,NA,NA,NA,NA,NA,1.12929716640037e-25,5,5,"Forest_disc_NLD200","derma"
34,6,1.86684147353647e-08,16.1,43.3,26.7,59.9,35.5,33.6,NA,NA,NA,NA,0.3586,0.2307,0.1495,0.1279,0.0908,0.0424,NA,NA,NA,NA,0.000186684147353647,6,5,"Forest_disc_NLD200","derma"
34,7,1.66445563826323e-07,20.8,48.1,44.8,48.4,12.7,65,59.5,NA,NA,NA,0.5294,0.1874,0.0922,0.0905,0.0571,0.0433,0,NA,NA,NA,0.00166445563826323,6,5,"Forest_disc_NLD200","derma"
34,8,3.75025153185166e-07,18.5,22.3,51.7,35.1,56.8,45.1,48.9,57.9,NA,NA,0.367,0.1967,0.1152,0.1027,0.0992,0.0629,0.0456,0.0108,NA,NA,0.375025153185166,8,5,"Forest_disc_NLD200","derma"
34,9,1.72126681723363e-30,16.3,37.9,30.1,62.4,55,58.9,46.1,62.3,60.1,NA,0.4056,0.3837,0.0446,0.0425,0.0416,0.0391,0.0226,0.0141,0.0061,NA,1.72126681723363e-23,9,5,"Forest_disc_NLD200","derma"
34,10,4.75705783196e-07,20,53.9,50.5,56,37.3,48.6,37.9,45.2,58.7,19.5,0.5734,0.1139,0.0596,0.0561,0.0559,0.0471,0.0364,0.0352,0.0136,0.0088,47.5705783196,10,5,"Forest_disc_NLD200","derma"
34,2,3.35814513442427e-06,21.9,51.9,NA,NA,NA,NA,NA,NA,NA,NA,0.5556,0.4445,NA,NA,NA,NA,NA,NA,NA,NA,3.35814513442427e-06,2,5,"Forest_disc_DIR50","derma"
34,3,9.87722217628224e-05,33.3,25.4,63.5,NA,NA,NA,NA,NA,NA,NA,0.4996,0.3318,0.1672,NA,NA,NA,NA,NA,NA,NA,0.000987722217628224,3,5,"Forest_disc_DIR50","derma"
34,4,8.56514408926016e-07,28.7,56.9,52.8,16,NA,NA,NA,NA,NA,NA,0.5,0.1667,0.1667,0.1667,NA,NA,NA,NA,NA,NA,8.56514408926016e-05,4,5,"Forest_disc_DIR50","derma"
34,5,0.000136283408132041,29.3,30.5,64.2,31.2,31.2,NA,NA,NA,NA,NA,0.4833,0.168,0.1667,0.1626,0.0185,NA,NA,NA,NA,NA,0.0136283408132041,4,5,"Forest_disc_DIR50","derma"
34,6,2.07667522703037e-05,57.2,28.8,28.2,28.2,28,14,NA,NA,NA,NA,0.278,0.1668,0.1666,0.1653,0.1647,0.0576,NA,NA,NA,NA,0.0207667522703037,5,5,"Forest_disc_DIR50","derma"
34,7,2.77565087292437e-05,57.5,28.1,24.4,24.4,30.7,26.9,30.7,NA,NA,NA,0.2779,0.1708,0.1666,0.1559,0.1298,0.0553,0.0432,NA,NA,NA,0.0277565087292437,5,5,"Forest_disc_DIR50","derma"
34,8,0.0478929929095858,31.2,31.2,31.2,31.2,31.2,31.2,31.2,31.2,NA,NA,0.1667,0.1667,0.1665,0.1662,0.1529,0.1296,0.0555,0.0555,NA,NA,0.00478929929095858,1,5,"Forest_disc_DIR50","derma"
34,9,6.33689181469186e-05,30.7,62.6,28.6,30.8,28.9,48.3,30.7,14,30.7,NA,0.1676,0.1669,0.1667,0.1663,0.1541,0.0561,0.0549,0.048,0.0183,NA,6.33689181469186,7,5,"Forest_disc_DIR50","derma"
34,10,0.000902355087026979,59.8,19.7,30.5,27.4,27.4,19.7,27.4,21.6,23.5,19.7,0.2716,0.1692,0.166,0.0617,0.0617,0.0576,0.0576,0.056,0.0549,0.0495,9.02355087026979,6,5,"Forest_disc_DIR50","derma"
34,2,1.99492176561298e-06,21.6,50.7,NA,NA,NA,NA,NA,NA,NA,NA,0.6728,0.3272,NA,NA,NA,NA,NA,NA,NA,NA,1.99492176561298e-06,2,5,"Forest_disc_DIR100","derma"
34,3,1.89228603268851e-05,28.9,14.8,57.2,NA,NA,NA,NA,NA,NA,NA,0.6337,0.1894,0.1764,NA,NA,NA,NA,NA,NA,NA,0.000189228603268851,3,5,"Forest_disc_DIR100","derma"
34,4,5.58393665368158e-06,19.4,37,35,56.5,NA,NA,NA,NA,NA,NA,0.5,0.1667,0.1667,0.1667,NA,NA,NA,NA,NA,NA,0.000558393665368158,4,5,"Forest_disc_DIR100","derma"
34,5,2.31468702730621e-05,24.8,57.1,18.8,39.5,20.6,NA,NA,NA,NA,NA,0.4911,0.1668,0.1516,0.1464,0.0435,NA,NA,NA,NA,NA,0.0231468702730621,5,5,"Forest_disc_DIR100","derma"
34,6,6.61101457249578e-07,36.4,55.9,22.5,20.3,14.6,36.9,NA,NA,NA,NA,0.1667,0.1667,0.1667,0.1667,0.1667,0.1666,NA,NA,NA,NA,0.00661101457249578,6,5,"Forest_disc_DIR100","derma"
34,7,0.000302223847847425,39.8,21.2,27.5,21.2,16.9,62,27.5,NA,NA,NA,0.1797,0.1673,0.166,0.1611,0.1523,0.1276,0.0494,NA,NA,NA,0.302223847847425,5,5,"Forest_disc_DIR100","derma"
34,8,0.000138209696045971,27,26.6,25.4,14.8,59.2,42.3,27.3,26.8,NA,NA,0.1685,0.1681,0.1672,0.1664,0.161,0.0599,0.0597,0.0513,NA,NA,138.209696045971,8,5,"Forest_disc_DIR100","derma"
34,9,0.000492404633389855,27.5,27.5,27.5,27.5,14.8,65.5,27.5,27.5,27.5,NA,0.1671,0.1661,0.1516,0.1154,0.1111,0.1111,0.0922,0.0459,0.0459,NA,0.00492404633389855,3,5,"Forest_disc_DIR100","derma"
34,10,3.66617039126729e-05,52.8,23.3,14.8,26.8,21.2,27,21.2,27,27,27,0.2762,0.1666,0.166,0.057,0.0562,0.0561,0.0559,0.0558,0.0558,0.0556,0.366617039126729,6,5,"Forest_disc_DIR100","derma"
34,2,6.4329262723841e-07,19.3,49.4,NA,NA,NA,NA,NA,NA,NA,NA,0.6113,0.3887,NA,NA,NA,NA,NA,NA,NA,NA,6.4329262723841e-07,2,5,"Forest_disc_DIR200","derma"
34,3,8.3369834249595e-07,33.6,11.8,56.6,NA,NA,NA,NA,NA,NA,NA,0.5366,0.2964,0.1671,NA,NA,NA,NA,NA,NA,NA,8.3369834249595e-06,3,5,"Forest_disc_DIR200","derma"
34,4,5.40628768482141e-06,23.8,45.9,55,14.1,NA,NA,NA,NA,NA,NA,0.5,0.1667,0.1667,0.1665,NA,NA,NA,NA,NA,NA,0.000540628768482141,4,5,"Forest_disc_DIR200","derma"
34,5,0.000128497259818368,29,34.7,13.9,26.8,56.9,NA,NA,NA,NA,NA,0.2684,0.203,0.1838,0.1747,0.1674,NA,NA,NA,NA,NA,0.128497259818368,5,5,"Forest_disc_DIR200","derma"
34,6,1.68758609578584e-07,10.4,55.8,31,23.7,42.5,22.8,NA,NA,NA,NA,0.1667,0.1667,0.1667,0.1667,0.1667,0.1666,NA,NA,NA,NA,0.00168758609578584,6,5,"Forest_disc_DIR200","derma"
34,7,7.16416048366022e-05,26.8,35.4,59.1,20.4,20.4,26.8,20.4,NA,NA,NA,0.1677,0.1674,0.1673,0.1648,0.1646,0.1127,0.0553,NA,NA,NA,0.00716416048366022,4,5,"Forest_disc_DIR200","derma"
34,8,0.000131409725856429,26.6,60,24.1,25.8,25.8,26.1,26.1,25.9,NA,NA,0.1671,0.1667,0.1667,0.1667,0.1667,0.0556,0.0556,0.054,NA,NA,1.31409725856429,6,5,"Forest_disc_DIR200","derma"
34,9,3.06576432512867e-05,26.1,57.6,13.2,26.8,42.1,26.8,25.4,26.8,13.9,NA,0.1668,0.1664,0.166,0.1632,0.1302,0.0557,0.0555,0.0542,0.0425,NA,3.06576432512867,7,5,"Forest_disc_DIR200","derma"
34,10,0.00033186257481456,26.8,26.8,26.8,26.8,65.5,26.8,26.8,26.8,26.8,26.8,0.1868,0.1667,0.1612,0.161,0.1111,0.0555,0.0554,0.0432,0.0428,0.0184,0.00033186257481456,2,5,"Forest_disc_DIR200","derma"
34,2,1.0482581808866e-06,19.5,52.6,NA,NA,NA,NA,NA,NA,NA,NA,0.6044,0.3956,NA,NA,NA,NA,NA,NA,NA,NA,1.0482581808866e-06,2,6,"Forest_disc_NLD50","derma"
34,3,5.05404443825013e-29,29.7,56.1,11.6,NA,NA,NA,NA,NA,NA,NA,0.4765,0.2771,0.2464,NA,NA,NA,NA,NA,NA,NA,5.05404443825013e-28,3,6,"Forest_disc_NLD50","derma"
34,4,1.07114566300809e-07,26.4,54.5,11.6,55.8,NA,NA,NA,NA,NA,NA,0.4719,0.2855,0.2028,0.0398,NA,NA,NA,NA,NA,NA,1.07114566300809e-05,4,6,"Forest_disc_NLD50","derma"
34,5,3.55116422293658e-09,15.3,38.8,59.7,41.1,47,NA,NA,NA,NA,NA,0.4172,0.4037,0.1707,0.0084,0,NA,NA,NA,NA,NA,3.55116422293658e-07,4,6,"Forest_disc_NLD50","derma"
34,6,2.17354149791688e-29,27.2,55.4,8,22.8,32,15.1,NA,NA,NA,NA,0.371,0.3011,0.1289,0.1172,0.0518,0.03,NA,NA,NA,NA,2.17354149791688e-25,6,6,"Forest_disc_NLD50","derma"
34,7,4.08537628711233e-32,28.8,13.4,50.6,45.3,64,49.2,53.5,NA,NA,NA,0.3217,0.3043,0.1372,0.1037,0.0708,0.059,0.0033,NA,NA,NA,4.08537628711233e-27,7,6,"Forest_disc_NLD50","derma"
34,8,9.29317265488821e-21,22,59.4,42.1,24.2,43.1,10.5,10.9,31.1,NA,NA,0.2264,0.1669,0.1568,0.1269,0.1265,0.0913,0.0828,0.0224,NA,NA,9.29317265488821e-15,8,6,"Forest_disc_NLD50","derma"
34,9,2.18105021651494e-30,26.4,56.2,10.7,56.6,9.6,42.1,34,26.7,53.6,NA,0.3723,0.1393,0.1248,0.1207,0.068,0.0644,0.0565,0.053,0.0012,NA,2.18105021651494e-23,9,6,"Forest_disc_NLD50","derma"
34,10,5.14245040672017e-07,17.7,54.4,35.9,24.2,27,37.9,25.4,13.2,39.8,55.5,0.4315,0.3015,0.0979,0.0312,0.0289,0.0286,0.0286,0.0213,0.0157,0.0146,51.4245040672017,10,6,"Forest_disc_NLD50","derma"
34,2,7.82334690707502e-07,20.7,53.6,NA,NA,NA,NA,NA,NA,NA,NA,0.601,0.399,NA,NA,NA,NA,NA,NA,NA,NA,7.82334690707502e-07,2,6,"Forest_disc_NLD100","derma"
34,3,1.97246378769696e-29,26.5,55.8,8.5,NA,NA,NA,NA,NA,NA,NA,0.557,0.3231,0.1198,NA,NA,NA,NA,NA,NA,NA,1.97246378769696e-28,3,6,"Forest_disc_NLD100","derma"
34,4,8.77728436851448e-30,15.9,38,59.2,36.1,NA,NA,NA,NA,NA,NA,0.3814,0.2847,0.211,0.1229,NA,NA,NA,NA,NA,NA,8.77728436851448e-28,4,6,"Forest_disc_NLD100","derma"
34,5,7.32191965871785e-30,28.9,56.4,11.3,11.3,24.6,NA,NA,NA,NA,NA,0.4655,0.304,0.1199,0.0657,0.0448,NA,NA,NA,NA,NA,7.32191965871785e-28,4,6,"Forest_disc_NLD100","derma"
34,6,1.88808320743126e-32,15.2,29.5,42.4,52,63.4,36.6,NA,NA,NA,NA,0.3297,0.2386,0.1795,0.1613,0.0905,3e-04,NA,NA,NA,NA,1.88808320743126e-28,6,6,"Forest_disc_NLD100","derma"
34,7,2.99179458637565e-07,18.3,57.1,30.9,50,35,46.2,26.7,NA,NA,NA,0.453,0.2119,0.1251,0.1197,0.0545,0.0357,0,NA,NA,NA,0.00299179458637565,6,6,"Forest_disc_NLD100","derma"
34,8,2.78923219768789e-07,18.7,57.6,38.8,45.3,49.9,20.6,32.8,42.2,NA,NA,0.4638,0.2123,0.1163,0.0714,0.0677,0.0364,0.0322,0,NA,NA,0.0278923219768789,7,6,"Forest_disc_NLD100","derma"
34,9,1.19700143237642e-29,14.8,58.5,30,31,32.4,36.9,37.3,43.9,39.7,NA,0.3177,0.2295,0.0892,0.079,0.0788,0.0675,0.0647,0.0466,0.0269,NA,1.19700143237642e-22,9,6,"Forest_disc_NLD100","derma"
34,10,1.54295446426814e-07,15.9,57.4,18,27.6,43.6,40.6,22.9,57.3,22.1,13.3,0.1979,0.1743,0.1297,0.1203,0.108,0.1008,0.0741,0.068,0.0266,3e-04,15.4295446426814,10,6,"Forest_disc_NLD100","derma"
34,2,4.56528711025381e-07,20.4,52.1,NA,NA,NA,NA,NA,NA,NA,NA,0.5843,0.4156,NA,NA,NA,NA,NA,NA,NA,NA,4.56528711025381e-07,2,6,"Forest_disc_NLD200","derma"
34,3,3.46564884597497e-31,31.3,55.7,13.3,NA,NA,NA,NA,NA,NA,NA,0.4606,0.2815,0.2579,NA,NA,NA,NA,NA,NA,NA,3.46564884597497e-30,3,6,"Forest_disc_NLD200","derma"
34,4,5.86164139679682e-33,36.5,15.4,57.6,54.9,NA,NA,NA,NA,NA,NA,0.4268,0.3568,0.2164,0,NA,NA,NA,NA,NA,NA,5.86164139679682e-32,3,6,"Forest_disc_NLD200","derma"
34,5,5.096705108556e-29,28.2,13.3,59.3,48,44.4,NA,NA,NA,NA,NA,0.36,0.245,0.1424,0.1282,0.1244,NA,NA,NA,NA,NA,5.096705108556e-26,5,6,"Forest_disc_NLD200","derma"
34,6,3.96170963280475e-30,27.2,9.9,55.8,53.8,51.5,60.4,NA,NA,NA,NA,0.5221,0.1492,0.1299,0.1085,0.0794,0.0109,NA,NA,NA,NA,3.96170963280475e-26,6,6,"Forest_disc_NLD200","derma"
34,7,4.50862697000553e-30,14.4,40.3,59.3,25.8,32.8,49.1,48.8,NA,NA,NA,0.2884,0.1823,0.1486,0.1389,0.1365,0.0739,0.0315,NA,NA,NA,4.50862697000553e-25,7,6,"Forest_disc_NLD200","derma"
34,8,2.08333788820954e-24,14.5,58.6,34.8,48.5,35.8,28.7,28.9,58.4,NA,NA,0.3017,0.1638,0.151,0.1308,0.0978,0.0829,0.0719,0,NA,NA,2.08333788820954e-19,7,6,"Forest_disc_NLD200","derma"
34,9,1.13957252590089e-08,15.4,39.8,47.4,63.7,44.6,28.5,20,37.3,48.8,NA,0.3394,0.2558,0.1169,0.0884,0.0497,0.0466,0.0454,0.0303,0.0275,NA,0.113957252590089,9,6,"Forest_disc_NLD200","derma"
34,10,1.24930193552415e-07,42.5,22.1,18,63.9,8.5,18.4,8.5,15.6,62.7,34.8,0.4537,0.208,0.0957,0.0939,0.0632,0.0423,0.031,0.009,0.0034,0,0.124930193552415,8,6,"Forest_disc_NLD200","derma"
34,2,6.26153766125858e-07,20.6,52.5,NA,NA,NA,NA,NA,NA,NA,NA,0.607,0.393,NA,NA,NA,NA,NA,NA,NA,NA,6.26153766125858e-07,2,6,"Forest_disc_DIR50","derma"
34,3,2.20453140671736e-06,37.2,13.3,59.6,NA,NA,NA,NA,NA,NA,NA,0.5049,0.3294,0.1658,NA,NA,NA,NA,NA,NA,NA,2.20453140671736e-05,3,6,"Forest_disc_DIR50","derma"
34,4,8.7358689266864e-06,37.9,58.9,12.1,13.6,NA,NA,NA,NA,NA,NA,0.5002,0.1669,0.1668,0.1662,NA,NA,NA,NA,NA,NA,0.00087358689266864,4,6,"Forest_disc_DIR50","derma"
34,5,0.000173259722226795,48.5,21.2,14.3,25.7,7.5,NA,NA,NA,NA,NA,0.4979,0.1708,0.1481,0.1235,0.0576,NA,NA,NA,NA,NA,0.173259722226795,5,6,"Forest_disc_DIR50","derma"
34,6,1.55056676432446e-09,11.9,35.2,26.1,20.8,58.7,45.8,NA,NA,NA,NA,0.1667,0.1667,0.1667,0.1667,0.1667,0.1667,NA,NA,NA,NA,1.55056676432446e-05,6,6,"Forest_disc_DIR50","derma"
34,7,1.6740591471181e-06,58.4,45,18.9,18.9,40,18.6,14.2,NA,NA,NA,0.1671,0.1666,0.1662,0.1662,0.1646,0.12,0.0495,NA,NA,NA,0.016740591471181,6,6,"Forest_disc_DIR50","derma"
34,8,5.04090012536527e-05,28,28,28,62.2,14.3,40.2,27.5,46.5,NA,NA,0.1667,0.1667,0.1667,0.1635,0.1612,0.0597,0.0583,0.0574,NA,NA,0.504090012536527,6,6,"Forest_disc_DIR50","derma"
34,9,0.00313004445966199,48.5,28,28,28,28,48.5,28,28,28,NA,0.2222,0.1646,0.1523,0.1276,0.1111,0.0988,0.0535,0.0535,0.0165,NA,0.00313004445966199,2,6,"Forest_disc_DIR50","derma"
34,10,0.00017501294560425,26.9,28,27,64.4,25.7,25.7,27.2,27.6,27.9,27.9,0.1667,0.1667,0.1666,0.1646,0.0567,0.0561,0.0558,0.0557,0.0556,0.0555,175.01294560425,8,6,"Forest_disc_DIR50","derma"
34,2,3.97938903859589e-06,18.6,51.9,NA,NA,NA,NA,NA,NA,NA,NA,0.5501,0.45,NA,NA,NA,NA,NA,NA,NA,NA,3.97938903859589e-06,2,6,"Forest_disc_DIR100","derma"
34,3,1.38506102184928e-06,37.6,13.9,61.3,NA,NA,NA,NA,NA,NA,NA,0.4985,0.3334,0.1681,NA,NA,NA,NA,NA,NA,NA,1.38506102184928e-05,3,6,"Forest_disc_DIR100","derma"
34,4,9.53003078899437e-07,17.9,39.2,53.7,55,NA,NA,NA,NA,NA,NA,0.4998,0.1672,0.1667,0.1665,NA,NA,NA,NA,NA,NA,9.53003078899437e-05,4,6,"Forest_disc_DIR100","derma"
34,5,0.00124196212016331,43.5,8,46.3,45.6,20.8,NA,NA,NA,NA,NA,0.3333,0.2222,0.2019,0.1646,0.0713,NA,NA,NA,NA,NA,1.24196212016331,5,6,"Forest_disc_DIR100","derma"
34,6,9.27891503092269e-06,23.7,15.7,13.4,56.3,50.3,42.1,NA,NA,NA,NA,0.1668,0.1668,0.1668,0.1667,0.1665,0.1664,NA,NA,NA,NA,0.0927891503092269,6,6,"Forest_disc_DIR100","derma"
34,7,2.69127202324478e-05,25,61.2,14.2,25,44,27.2,47.3,NA,NA,NA,0.167,0.1667,0.162,0.1612,0.1591,0.1294,0.0543,NA,NA,NA,0.269127202324478,6,6,"Forest_disc_DIR100","derma"
34,8,4.98936677825211e-05,56.3,23.6,23.6,23.7,25.9,26.6,20.8,20.8,NA,NA,0.3155,0.1668,0.1665,0.1662,0.0554,0.0549,0.0544,0.0191,NA,NA,0.498936677825211,6,6,"Forest_disc_DIR100","derma"
34,9,0.0130528715639204,46.3,27.2,27.2,27.2,27.2,27.2,27.2,27.2,27.2,NA,0.3333,0.1667,0.1296,0.1287,0.1251,0.0501,0.0428,0.0185,0.0183,NA,0.0130528715639204,2,6,"Forest_disc_DIR100","derma"
34,10,0.000259687423143087,27.2,27.2,63.4,27.2,64.8,27.2,27.2,27.2,27.2,14.4,0.265,0.2394,0.1064,0.0844,0.0802,0.0569,0.0556,0.0555,0.0433,0.0137,0.0259687423143087,4,6,"Forest_disc_DIR100","derma"
34,2,1.76162511179624e-06,18.2,50.4,NA,NA,NA,NA,NA,NA,NA,NA,0.5743,0.4257,NA,NA,NA,NA,NA,NA,NA,NA,1.76162511179624e-06,2,6,"Forest_disc_DIR200","derma"
34,3,0.000135368926322416,24.3,27,59.4,NA,NA,NA,NA,NA,NA,NA,0.5377,0.2512,0.2099,NA,NA,NA,NA,NA,NA,NA,0.00135368926322416,3,6,"Forest_disc_DIR200","derma"
34,4,3.82583468299316e-06,16.3,41.1,45.9,55.3,NA,NA,NA,NA,NA,NA,0.5002,0.1667,0.1667,0.1666,NA,NA,NA,NA,NA,NA,0.000382583468299316,4,6,"Forest_disc_DIR200","derma"
34,5,5.57618418486854e-05,32.6,15.7,60.9,15,21.9,NA,NA,NA,NA,NA,0.5108,0.1682,0.1667,0.0986,0.0551,NA,NA,NA,NA,NA,0.0557618418486854,5,6,"Forest_disc_DIR200","derma"
34,6,1.22885646501309e-06,20.4,17.9,55.2,12.7,36.8,48.3,NA,NA,NA,NA,0.1667,0.1667,0.1667,0.1667,0.1666,0.1666,NA,NA,NA,NA,0.0122885646501309,6,6,"Forest_disc_DIR200","derma"
34,7,5.70792367188748e-05,55.7,23.9,23.8,21.9,22.6,24,22,NA,NA,NA,0.2785,0.1676,0.1664,0.1585,0.1295,0.0555,0.0432,NA,NA,NA,5.70792367188748,7,6,"Forest_disc_DIR200","derma"
34,8,0.000990458851216316,24.2,24.2,64.7,24.2,24.2,24.2,24.2,24.2,NA,NA,0.2036,0.1775,0.1687,0.1663,0.1624,0.0554,0.0542,0.018,NA,NA,0.000990458851216316,2,6,"Forest_disc_DIR200","derma"
34,9,0.0111589355198122,44.8,24.2,24.2,24.2,24.2,24.2,24.2,24.2,24.2,NA,0.3333,0.1665,0.1619,0.1295,0.0556,0.0555,0.054,0.0432,0.0142,NA,0.0111589355198122,2,6,"Forest_disc_DIR200","derma"
34,10,0.000197297846007548,17.3,54,54,17.3,24.2,24.2,24.2,24.2,17.3,17.3,0.1701,0.1687,0.1686,0.1646,0.0698,0.0561,0.0556,0.0537,0.0535,0.0425,0.00197297846007548,3,6,"Forest_disc_DIR200","derma"
34,2,5.52533532267941e-07,21.2,50.5,NA,NA,NA,NA,NA,NA,NA,NA,0.5672,0.4328,NA,NA,NA,NA,NA,NA,NA,NA,5.52533532267941e-07,2,7,"Forest_disc_NLD50","derma"
34,3,9.16707277310394e-31,35.6,15.7,55.7,NA,NA,NA,NA,NA,NA,NA,0.4616,0.3132,0.2252,NA,NA,NA,NA,NA,NA,NA,9.16707277310394e-30,3,7,"Forest_disc_NLD50","derma"
34,4,2.10049914825544e-31,34.8,15.4,55.1,60.1,NA,NA,NA,NA,NA,NA,0.4604,0.3002,0.231,0.0084,NA,NA,NA,NA,NA,NA,2.10049914825544e-29,4,7,"Forest_disc_NLD50","derma"
34,5,7.2905673650774e-30,28.7,53.4,11.6,35,33.9,NA,NA,NA,NA,NA,0.4915,0.3128,0.1614,0.0206,0.0136,NA,NA,NA,NA,NA,7.2905673650774e-27,5,7,"Forest_disc_NLD50","derma"
34,6,7.4112966840228e-23,30.4,53.7,12,31.1,21.1,12.6,NA,NA,NA,NA,0.3935,0.3022,0.1637,0.0776,0.0625,5e-04,NA,NA,NA,NA,7.4112966840228e-19,6,7,"Forest_disc_NLD50","derma"
34,7,2.98171616623078e-30,42,16,19.7,57.3,21.4,64.2,22.8,NA,NA,NA,0.4701,0.228,0.1213,0.0705,0.0415,0.0387,0.0299,NA,NA,NA,2.98171616623078e-25,7,7,"Forest_disc_NLD50","derma"
34,8,1.21267083475047e-07,18.3,31.6,57.3,38.6,49.2,45.6,47.9,21.4,NA,NA,0.4017,0.1329,0.1141,0.0985,0.0984,0.0771,0.0744,0.0027,NA,NA,0.121267083475047,8,7,"Forest_disc_NLD50","derma"
34,9,4.31542413001517e-09,15.2,38.3,25.9,45.5,43.9,60.3,28.7,53.7,10.8,NA,0.2686,0.1853,0.1398,0.1116,0.1024,0.085,0.0552,0.0518,2e-04,NA,0.0431542413001517,9,7,"Forest_disc_NLD50","derma"
34,10,2.11105403696095e-30,39.7,17.1,54.8,60.5,46.8,62.6,26.1,55.5,13.9,58.2,0.436,0.3532,0.0551,0.0379,0.0268,0.0234,0.0216,0.016,0.0159,0.0141,2.11105403696095e-22,10,7,"Forest_disc_NLD50","derma"
34,2,9.5411050115999e-07,20.5,50.4,NA,NA,NA,NA,NA,NA,NA,NA,0.6118,0.3882,NA,NA,NA,NA,NA,NA,NA,NA,9.5411050115999e-07,2,7,"Forest_disc_NLD100","derma"
34,3,1.84438036477834e-29,31.5,13.3,55,NA,NA,NA,NA,NA,NA,NA,0.5058,0.2636,0.2306,NA,NA,NA,NA,NA,NA,NA,1.84438036477834e-28,3,7,"Forest_disc_NLD100","derma"
34,4,4.18177512431476e-29,39.3,19.1,59.2,11.8,NA,NA,NA,NA,NA,NA,0.4375,0.3291,0.1241,0.1093,NA,NA,NA,NA,NA,NA,4.18177512431476e-27,4,7,"Forest_disc_NLD100","derma"
34,5,7.30573962723743e-30,22.3,35.3,54.6,8.1,27.5,NA,NA,NA,NA,NA,0.3671,0.256,0.2367,0.0976,0.0426,NA,NA,NA,NA,NA,7.30573962723743e-27,5,7,"Forest_disc_NLD100","derma"
34,6,2.47175075477251e-30,37.7,15.9,15.1,59.6,44.8,23,NA,NA,NA,NA,0.4092,0.2261,0.1323,0.1181,0.0651,0.0492,NA,NA,NA,NA,2.47175075477251e-26,6,7,"Forest_disc_NLD100","derma"
34,7,1.25864803464045e-24,32.2,54.7,16,18.1,17.9,6.8,28,NA,NA,NA,0.4318,0.2372,0.1186,0.0913,0.0624,0.0502,0.0085,NA,NA,NA,1.25864803464045e-19,7,7,"Forest_disc_NLD100","derma"
34,8,2.32282686594512e-30,42.5,21,18.3,33,59,8,8.4,11.2,NA,NA,0.2921,0.2455,0.14,0.1313,0.1192,0.0311,0.0299,0.011,NA,NA,2.32282686594512e-24,8,7,"Forest_disc_NLD100","derma"
34,9,4.81891217066453e-31,36.5,15.4,58.2,18.1,14.4,56.2,59.7,52.1,44.6,NA,0.4634,0.2748,0.0625,0.0512,0.0471,0.0395,0.0385,0.0211,0.0018,NA,4.81891217066453e-24,9,7,"Forest_disc_NLD100","derma"
34,10,1.85929392966377e-29,40.1,17.5,40.1,22.7,11.4,15.2,57.2,62.5,61.5,43.5,0.3787,0.3025,0.0626,0.0506,0.0492,0.0403,0.0401,0.0331,0.0318,0.011,1.85929392966377e-22,9,7,"Forest_disc_NLD100","derma"
34,2,6.82053819932967e-07,19.7,47.6,NA,NA,NA,NA,NA,NA,NA,NA,0.6426,0.3574,NA,NA,NA,NA,NA,NA,NA,NA,6.82053819932967e-07,2,7,"Forest_disc_NLD200","derma"
34,3,1.09677223846976e-29,33.4,14.1,55.6,NA,NA,NA,NA,NA,NA,NA,0.5166,0.3491,0.1342,NA,NA,NA,NA,NA,NA,NA,1.09677223846976e-28,3,7,"Forest_disc_NLD200","derma"
34,4,8.50770663968642e-30,13.7,31.5,34.1,55.1,NA,NA,NA,NA,NA,NA,0.3295,0.2847,0.2419,0.1438,NA,NA,NA,NA,NA,NA,8.50770663968642e-28,4,7,"Forest_disc_NLD200","derma"
34,5,9.50722829196477e-31,31,13.2,48.4,56.9,49.6,NA,NA,NA,NA,NA,0.5088,0.3019,0.0973,0.0841,0.0079,NA,NA,NA,NA,NA,9.50722829196477e-28,5,7,"Forest_disc_NLD200","derma"
34,6,7.9569527160861e-31,26.3,9.6,45.1,54.9,51.3,55.2,NA,NA,NA,NA,0.5733,0.1646,0.1305,0.0958,0.0313,0.0046,NA,NA,NA,NA,7.9569527160861e-27,6,7,"Forest_disc_NLD200","derma"
34,7,3.33453070867155e-07,17.7,46.3,53.2,31.3,35.9,25.4,33,NA,NA,NA,0.4974,0.1774,0.1016,0.0838,0.0799,0.0329,0.027,NA,NA,NA,0.0333453070867155,7,7,"Forest_disc_NLD200","derma"
34,8,4.0360349463889e-08,15,35.8,33.8,17,54.9,35,26.8,24.1,NA,NA,0.2657,0.177,0.1674,0.1522,0.1385,0.0988,3e-04,0,NA,NA,0.0040360349463889,7,7,"Forest_disc_NLD200","derma"
34,9,7.98011269922024e-30,25.2,51.4,19.3,34.7,11.2,3.5,30.3,5.7,20.6,NA,0.4672,0.2319,0.0904,0.0626,0.0407,0.0336,0.0285,0.0232,0.0218,NA,7.98011269922024e-23,9,7,"Forest_disc_NLD200","derma"
34,10,2.52203010057408e-08,16.1,34.8,36.4,38.5,42.9,59.9,33.7,47,27.7,51.2,0.4419,0.1261,0.0924,0.0905,0.0803,0.0622,0.0538,0.0451,0.0073,3e-04,2.52203010057408,10,7,"Forest_disc_NLD200","derma"
34,2,3.56661163595446e-05,16.5,50.5,NA,NA,NA,NA,NA,NA,NA,NA,0.6107,0.3889,NA,NA,NA,NA,NA,NA,NA,NA,3.56661163595446e-05,2,7,"Forest_disc_DIR50","derma"
34,3,1.74858417345154e-05,29.2,8.5,60.5,NA,NA,NA,NA,NA,NA,NA,0.6104,0.2222,0.1668,NA,NA,NA,NA,NA,NA,NA,0.000174858417345154,3,7,"Forest_disc_DIR50","derma"
34,4,1.77072215047656e-06,17.3,53.5,52,20.5,NA,NA,NA,NA,NA,NA,0.5,0.1667,0.1667,0.1666,NA,NA,NA,NA,NA,NA,0.000177072215047656,4,7,"Forest_disc_DIR50","derma"
34,5,0.00119644747881682,44.5,8.5,37.8,8.5,8.5,NA,NA,NA,NA,NA,0.4861,0.1838,0.1481,0.1097,0.0686,NA,NA,NA,NA,NA,0.0119644747881682,3,7,"Forest_disc_DIR50","derma"
34,6,1.956106144406e-06,51.5,53.9,16.9,18.6,19.8,17,NA,NA,NA,NA,0.1667,0.1667,0.1667,0.1666,0.1666,0.1666,NA,NA,NA,NA,0.01956106144406,6,7,"Forest_disc_DIR50","derma"
34,7,1.01576067316614e-05,44.1,19.8,58.5,12.5,18.5,23.8,24.5,NA,NA,NA,0.1667,0.1666,0.1666,0.1651,0.1538,0.1297,0.0515,NA,NA,NA,1.01576067316614,7,7,"Forest_disc_DIR50","derma"
34,8,0.0527067754952787,26.5,26.5,26.5,26.5,26.5,26.5,26.5,26.5,NA,NA,0.315,0.1671,0.1667,0.1662,0.1653,0.0309,0.0185,0.0171,NA,NA,0.00527067754952787,1,7,"Forest_disc_DIR50","derma"
34,9,0.00235555558380155,44.5,25.2,24.5,24.5,25.2,62.5,25.8,25.8,25.8,NA,0.2099,0.1647,0.1562,0.1499,0.1256,0.0741,0.0508,0.0416,0.0169,NA,2.35555558380155,5,7,"Forest_disc_DIR50","derma"
34,10,0.00437091403921062,26.5,26.5,20.5,62.5,26.5,26.5,26.5,26.5,14.5,14.5,0.2851,0.1753,0.1481,0.1111,0.1012,0.089,0.0657,0.0333,0,0,0.0437091403921062,3,7,"Forest_disc_DIR50","derma"
34,2,7.44361390748446e-07,20.2,48.7,NA,NA,NA,NA,NA,NA,NA,NA,0.6724,0.3276,NA,NA,NA,NA,NA,NA,NA,NA,7.44361390748446e-07,2,7,"Forest_disc_DIR100","derma"
34,3,4.89851171929424e-05,25.8,19.7,55.4,NA,NA,NA,NA,NA,NA,NA,0.6152,0.2046,0.179,NA,NA,NA,NA,NA,NA,NA,0.000489851171929424,3,7,"Forest_disc_DIR100","derma"
34,4,8.82625125108609e-07,18.6,41.4,53.1,27.1,NA,NA,NA,NA,NA,NA,0.5,0.1667,0.1667,0.1666,NA,NA,NA,NA,NA,NA,8.82625125108609e-05,4,7,"Forest_disc_DIR100","derma"
34,5,7.2848248238293e-05,25.8,57.1,19.7,23.8,25.8,NA,NA,NA,NA,NA,0.5,0.1652,0.1646,0.1557,0.0146,NA,NA,NA,NA,NA,0.0072848248238293,4,7,"Forest_disc_DIR100","derma"
34,6,7.47579260168466e-08,15.8,35,54,34.3,15.6,22.8,NA,NA,NA,NA,0.1667,0.1667,0.1667,0.1667,0.1667,0.1666,NA,NA,NA,NA,0.000747579260168466,6,7,"Forest_disc_DIR100","derma"
34,7,5.36608707553053e-05,23.8,56.6,25.8,25.8,25.8,23.8,12.9,NA,NA,NA,0.1676,0.1669,0.1666,0.1624,0.1505,0.1424,0.0431,NA,NA,NA,0.00536608707553053,4,7,"Forest_disc_DIR100","derma"
34,8,6.43908188727408e-05,25.5,56.7,25.1,25.8,23.2,24.9,19.7,23.4,NA,NA,0.1673,0.1668,0.1667,0.1667,0.1652,0.0556,0.0556,0.0554,NA,NA,64.3908188727408,8,7,"Forest_disc_DIR100","derma"
34,9,0.000136726956549796,35.3,23.8,56.4,25.8,13.6,19.7,21.8,21.8,13.6,NA,0.1687,0.1674,0.1646,0.1523,0.1289,0.0561,0.0558,0.0553,0.0535,NA,13.6726956549796,7,7,"Forest_disc_DIR100","derma"
34,10,7.42773394219997e-05,23.1,25.4,23.8,56.4,42.4,24.9,24.7,24.9,13.6,13.6,0.1669,0.1669,0.1665,0.1623,0.0599,0.0571,0.0557,0.0557,0.0553,0.0549,74.2773394219997,8,7,"Forest_disc_DIR100","derma"
34,2,5.20446740234287e-06,22,53.5,NA,NA,NA,NA,NA,NA,NA,NA,0.6667,0.3332,NA,NA,NA,NA,NA,NA,NA,NA,5.20446740234287e-06,2,7,"Forest_disc_DIR200","derma"
34,3,1.96568450524129e-06,34.1,14.1,59.8,NA,NA,NA,NA,NA,NA,NA,0.5364,0.2963,0.1672,NA,NA,NA,NA,NA,NA,NA,1.96568450524129e-05,3,7,"Forest_disc_DIR200","derma"
34,4,1.14778299072499e-06,24.6,55.7,50.4,14.7,NA,NA,NA,NA,NA,NA,0.5,0.1667,0.1667,0.1667,NA,NA,NA,NA,NA,NA,0.000114778299072499,4,7,"Forest_disc_DIR200","derma"
34,5,0.000862518544636093,46.8,25,25,11.9,25,NA,NA,NA,NA,NA,0.4768,0.198,0.1655,0.1358,0.0183,NA,NA,NA,NA,NA,0.00862518544636093,3,7,"Forest_disc_DIR200","derma"
34,6,3.58683821940172e-05,57,9.4,14.4,37.1,36.9,38.8,NA,NA,NA,NA,0.1669,0.1668,0.1667,0.1666,0.1666,0.1664,NA,NA,NA,NA,0.358683821940172,6,7,"Forest_disc_DIR200","derma"
34,7,0.000235064031515627,27.2,27.2,62.1,14.1,27.2,27.2,48.3,NA,NA,NA,0.1686,0.1682,0.1646,0.1646,0.1549,0.1261,0.0558,NA,NA,NA,0.0235064031515627,4,7,"Forest_disc_DIR200","derma"
34,8,0.000132308247335971,62.4,27.1,27.1,27.1,26.1,27.1,27.1,27.1,NA,NA,0.1672,0.1667,0.1667,0.1666,0.1652,0.0555,0.0554,0.0554,NA,NA,0.00132308247335971,3,7,"Forest_disc_DIR200","derma"
34,9,0.000133010668861685,27.2,62.5,27.2,27.2,26.4,26.4,27.2,25.7,25.7,NA,0.1671,0.1669,0.1666,0.1637,0.1501,0.0556,0.0554,0.0551,0.0185,NA,0.0133010668861685,4,7,"Forest_disc_DIR200","derma"
34,10,0.000122017741350122,44.6,20.6,26.7,64.3,25.7,25,25,25.1,25,25,0.241,0.171,0.1619,0.0947,0.0555,0.0555,0.0553,0.055,0.054,0.0537,12.2017741350122,7,7,"Forest_disc_DIR200","derma"
34,2,4.6069587994826e-07,21.5,49.8,NA,NA,NA,NA,NA,NA,NA,NA,0.5834,0.4166,NA,NA,NA,NA,NA,NA,NA,NA,4.6069587994826e-07,2,8,"Forest_disc_NLD50","derma"
34,3,8.14897422502694e-30,34.6,15.4,55.4,NA,NA,NA,NA,NA,NA,NA,0.497,0.2941,0.2089,NA,NA,NA,NA,NA,NA,NA,8.14897422502695e-29,3,8,"Forest_disc_NLD50","derma"
34,4,3.01849765796588e-30,33.7,15.6,57,44.1,NA,NA,NA,NA,NA,NA,0.4087,0.3005,0.1557,0.135,NA,NA,NA,NA,NA,NA,3.01849765796588e-28,4,8,"Forest_disc_NLD50","derma"
34,5,2.48493740926257e-30,14.8,30.4,45.6,33.7,57.3,NA,NA,NA,NA,NA,0.2613,0.2513,0.1759,0.1734,0.1381,NA,NA,NA,NA,NA,2.48493740926257e-27,5,8,"Forest_disc_NLD50","derma"
34,6,2.51917276237037e-07,51.8,19.1,21.3,37.5,28.8,53.7,NA,NA,NA,NA,0.3095,0.293,0.1845,0.1815,0.0315,0,NA,NA,NA,NA,0.000251917276237037,5,8,"Forest_disc_NLD50","derma"
34,7,1.98010073354135e-07,19.7,47.5,27.5,46.8,60.7,40.8,67.2,NA,NA,NA,0.4494,0.3235,0.1035,0.0659,0.0369,0.0179,0.0029,NA,NA,NA,0.0198010073354135,7,8,"Forest_disc_NLD50","derma"
34,8,3.06960090604311e-08,17.7,34.5,42.2,57.3,40.1,46.8,29.1,17.7,NA,NA,0.3861,0.1722,0.1506,0.1364,0.1015,0.0408,0.0123,0,NA,NA,0.00306960090604311,7,8,"Forest_disc_NLD50","derma"
34,9,1.04390061889125e-30,37.4,18.9,56.7,58,53.2,11.9,11.7,19.1,30.7,NA,0.4467,0.2736,0.0813,0.054,0.0405,0.04,0.0392,0.0163,0.0085,NA,1.04390061889125e-23,9,8,"Forest_disc_NLD50","derma"
34,10,5.63459226922352e-23,28.7,52.6,11,26.5,7.5,17.4,13.1,60.1,7.6,21.9,0.5227,0.2934,0.0942,0.0311,0.0214,0.016,0.0148,0.0061,2e-04,1e-04,5.63459226922353e-15,10,8,"Forest_disc_NLD50","derma"
34,2,7.22060273897852e-07,20.8,49.4,NA,NA,NA,NA,NA,NA,NA,NA,0.6226,0.3774,NA,NA,NA,NA,NA,NA,NA,NA,7.22060273897852e-07,2,8,"Forest_disc_NLD100","derma"
34,3,3.65487160814528e-31,39.5,17,60.3,NA,NA,NA,NA,NA,NA,NA,0.477,0.4339,0.0892,NA,NA,NA,NA,NA,NA,NA,3.65487160814528e-30,3,8,"Forest_disc_NLD100","derma"
34,4,3.23601384310347e-11,17.2,38.6,42.3,62,NA,NA,NA,NA,NA,NA,0.4436,0.2517,0.2353,0.0694,NA,NA,NA,NA,NA,NA,3.23601384310347e-09,4,8,"Forest_disc_NLD100","derma"
34,5,2.99863845285397e-29,28.4,52.9,10.2,17.7,31.2,NA,NA,NA,NA,NA,0.4577,0.2558,0.1218,0.0963,0.0685,NA,NA,NA,NA,NA,2.99863845285397e-26,5,8,"Forest_disc_NLD100","derma"
34,6,4.43727109480505e-31,29.1,53,10.9,17.5,28.2,10.4,NA,NA,NA,NA,0.4566,0.2525,0.1044,0.0872,0.0688,0.0306,NA,NA,NA,NA,4.43727109480505e-27,6,8,"Forest_disc_NLD100","derma"
34,7,2.18924022487932e-08,16.9,35.2,51.8,47.3,62,60.2,16.9,NA,NA,NA,0.406,0.3702,0.1243,0.0572,0.0226,0.0198,0,NA,NA,NA,0.000218924022487932,6,8,"Forest_disc_NLD100","derma"
34,8,1.03182751722115e-09,13.7,23.8,33,50.8,40.9,28.2,60.2,57.9,NA,NA,0.2301,0.1674,0.1532,0.1392,0.1356,0.1156,0.0437,0.0154,NA,NA,0.00103182751722115,8,8,"Forest_disc_NLD100","derma"
34,9,4.37537293057864e-11,15.2,54.9,28.9,42.3,28.3,31.5,23.3,8.4,32.1,NA,0.1933,0.181,0.177,0.1294,0.1213,0.0902,0.0652,0.0425,0,NA,4.37537293057864e-05,8,8,"Forest_disc_NLD100","derma"
34,10,8.99064497827026e-30,36.5,16.3,59.9,54,57.8,55.1,55.3,16.5,33.5,48.2,0.4642,0.371,0.0351,0.0344,0.0275,0.027,0.0232,0.0174,2e-04,0,8.99064497827026e-23,9,8,"Forest_disc_NLD100","derma"
34,2,4.34656781977494e-07,22.8,49.4,NA,NA,NA,NA,NA,NA,NA,NA,0.645,0.355,NA,NA,NA,NA,NA,NA,NA,NA,4.34656781977494e-07,2,8,"Forest_disc_NLD200","derma"
34,3,8.70010662435679e-30,34.4,17.2,55.5,NA,NA,NA,NA,NA,NA,NA,0.5121,0.3257,0.1622,NA,NA,NA,NA,NA,NA,NA,8.70010662435679e-29,3,8,"Forest_disc_NLD200","derma"
34,4,1.48043443820462e-30,29.7,53.1,13.7,57.1,NA,NA,NA,NA,NA,NA,0.5969,0.226,0.1751,0.002,NA,NA,NA,NA,NA,NA,1.48043443820462e-28,4,8,"Forest_disc_NLD200","derma"
34,5,2.62001537460884e-07,23.1,20.7,38,53.1,47.8,NA,NA,NA,NA,NA,0.2886,0.2878,0.1441,0.1418,0.1376,NA,NA,NA,NA,NA,0.000262001537460884,5,8,"Forest_disc_NLD200","derma"
34,6,8.55737631569684e-08,20.7,42.6,21.7,58.7,40.4,43.5,NA,NA,NA,NA,0.4349,0.3152,0.0941,0.079,0.0743,0.0025,NA,NA,NA,NA,0.000855737631569684,6,8,"Forest_disc_NLD200","derma"
34,7,5.75672450902589e-31,30.7,16.7,37.7,50.9,56.3,58.8,57.8,NA,NA,NA,0.3314,0.2879,0.2058,0.0844,0.0487,0.0408,0.001,NA,NA,NA,5.75672450902589e-26,7,8,"Forest_disc_NLD200","derma"
34,8,1.92163780598984e-07,21.3,43.5,22.8,54.2,42.2,39.8,56.7,43.3,NA,NA,0.4585,0.1716,0.1079,0.0765,0.0746,0.0464,0.0448,0.0197,NA,NA,0.192163780598984,8,8,"Forest_disc_NLD200","derma"
34,9,3.54021525791265e-32,34.9,17.7,59.1,51.1,50.1,56.2,57.8,44.2,32.2,NA,0.473,0.3508,0.0539,0.0529,0.0326,0.0157,0.0122,0.0089,1e-04,NA,3.54021525791265e-25,9,8,"Forest_disc_NLD200","derma"
34,10,2.24059177166075e-30,18.2,38,58.2,31.5,30.6,42.2,58.4,38.6,58.9,54.4,0.3749,0.3493,0.0598,0.0536,0.0509,0.0473,0.0281,0.0157,0.0119,0.0085,2.24059177166075e-22,10,8,"Forest_disc_NLD200","derma"
34,2,2.12618144308277e-05,16.1,45.8,NA,NA,NA,NA,NA,NA,NA,NA,0.5185,0.4815,NA,NA,NA,NA,NA,NA,NA,NA,2.12618144308277e-05,2,8,"Forest_disc_DIR50","derma"
34,3,2.76678353823473e-05,27.1,55.2,13.9,NA,NA,NA,NA,NA,NA,NA,0.6263,0.2058,0.1675,NA,NA,NA,NA,NA,NA,NA,0.000276678353823473,3,8,"Forest_disc_DIR50","derma"
34,4,2.15176235232839e-07,23.7,12.5,51.2,48.4,NA,NA,NA,NA,NA,NA,0.4999,0.1667,0.1667,0.1666,NA,NA,NA,NA,NA,NA,2.15176235232839e-05,4,8,"Forest_disc_DIR50","derma"
34,5,0.000110929742756105,25.6,58.6,26.7,20.1,24.4,NA,NA,NA,NA,NA,0.4961,0.1702,0.1682,0.1133,0.0517,NA,NA,NA,NA,NA,0.110929742756105,5,8,"Forest_disc_DIR50","derma"
34,6,9.38233811854739e-07,14.5,36.3,25.7,55.3,36.3,15,NA,NA,NA,NA,0.1667,0.1667,0.1667,0.1667,0.1666,0.1666,NA,NA,NA,NA,0.000938233811854739,5,8,"Forest_disc_DIR50","derma"
34,7,9.34182792217483e-06,42.5,55.1,23.8,26,21.7,12.5,26.7,NA,NA,NA,0.1669,0.1669,0.1667,0.1666,0.1665,0.1536,0.0131,NA,NA,NA,0.934182792217483,7,8,"Forest_disc_DIR50","derma"
34,8,0.000112010815315593,25.9,58.6,23.5,24.5,26.4,26.7,26.7,25.4,NA,NA,0.167,0.1669,0.1667,0.1667,0.1653,0.0556,0.0556,0.0553,NA,NA,11.2010815315593,7,8,"Forest_disc_DIR50","derma"
34,9,7.52425089977215e-06,42.7,26,17.4,55.1,24.5,23.4,13.2,19.8,8.2,NA,0.1686,0.1681,0.1651,0.1648,0.1628,0.0555,0.0537,0.0432,0.0183,NA,75.2425089977215,9,8,"Forest_disc_DIR50","derma"
34,10,0.00156895900977344,45.8,26,25.2,45.8,24.5,26,24.5,26,24.5,24.5,0.284,0.1619,0.1619,0.0617,0.0555,0.055,0.0543,0.0537,0.0519,0.0515,0.156895900977344,4,8,"Forest_disc_DIR50","derma"
34,2,1.35403580158572e-06,20.2,48.1,NA,NA,NA,NA,NA,NA,NA,NA,0.6116,0.3884,NA,NA,NA,NA,NA,NA,NA,NA,1.35403580158572e-06,2,8,"Forest_disc_DIR100","derma"
34,3,8.03051995862422e-05,28,23.2,57.6,NA,NA,NA,NA,NA,NA,NA,0.5026,0.3282,0.1683,NA,NA,NA,NA,NA,NA,NA,0.000803051995862422,3,8,"Forest_disc_DIR100","derma"
34,4,1.87813062511995e-06,33,23.2,55.1,9,NA,NA,NA,NA,NA,NA,0.5,0.1667,0.1667,0.1667,NA,NA,NA,NA,NA,NA,0.000187813062511995,4,8,"Forest_disc_DIR100","derma"
34,5,1.90060570082398e-05,23.2,49.5,50.4,16.6,12.2,NA,NA,NA,NA,NA,0.5045,0.1723,0.1624,0.1241,0.0375,NA,NA,NA,NA,NA,0.0190060570082398,5,8,"Forest_disc_DIR100","derma"
34,6,3.01179590269495e-06,49.8,49.8,20.5,20.6,23.1,23,NA,NA,NA,NA,0.1667,0.1667,0.1667,0.1667,0.1666,0.1665,NA,NA,NA,NA,0.00301179590269495,5,8,"Forest_disc_DIR100","derma"
34,7,7.04833039918024e-06,23.2,51.7,47.9,21,21,21,22.4,NA,NA,NA,0.1669,0.1669,0.1668,0.1652,0.1541,0.1291,0.0514,NA,NA,NA,0.00704833039918024,5,8,"Forest_disc_DIR100","derma"
34,8,3.07368487134476e-05,16.6,22.9,50.1,23.2,50.1,22.9,23.2,21,NA,NA,0.1674,0.1668,0.1666,0.1666,0.1657,0.0571,0.0556,0.0554,NA,NA,0.0307368487134476,5,8,"Forest_disc_DIR100","derma"
34,9,9.90814918574261e-05,49.5,50.8,23.2,23.2,23.2,18.8,16.6,16.6,10.1,NA,0.1687,0.1681,0.1672,0.1535,0.1274,0.055,0.0549,0.054,0.0535,NA,0.990814918574261,6,8,"Forest_disc_DIR100","derma"
34,10,0.00792200280430199,23.2,23.2,23.2,23.2,23.2,62.5,23.2,23.2,23.2,23.2,0.1667,0.1664,0.1611,0.13,0.1292,0.1111,0.0555,0.051,0.0418,0.0145,0.00792200280430199,2,8,"Forest_disc_DIR100","derma"
34,2,7.4415569679516e-07,20.9,48.3,NA,NA,NA,NA,NA,NA,NA,NA,0.6207,0.3793,NA,NA,NA,NA,NA,NA,NA,NA,7.4415569679516e-07,2,8,"Forest_disc_DIR200","derma"
34,3,7.77312729448622e-05,25.6,27.2,56.7,NA,NA,NA,NA,NA,NA,NA,0.601,0.217,0.1811,NA,NA,NA,NA,NA,NA,NA,0.000777312729448622,3,8,"Forest_disc_DIR200","derma"
34,4,4.21615259493547e-06,33.1,16.6,55.5,16.6,NA,NA,NA,NA,NA,NA,0.4994,0.1671,0.1667,0.1667,NA,NA,NA,NA,NA,NA,4.21615259493547e-05,3,8,"Forest_disc_DIR200","derma"
34,5,1.72936858598549e-05,23.2,52.1,23.2,50.4,21.7,NA,NA,NA,NA,NA,0.5356,0.1625,0.1297,0.1294,0.043,NA,NA,NA,NA,NA,0.00172936858598549,4,8,"Forest_disc_DIR200","derma"
34,6,2.86029039658294e-07,43.9,15.5,20.6,52.7,33.1,21.8,NA,NA,NA,NA,0.1667,0.1667,0.1667,0.1667,0.1667,0.1667,NA,NA,NA,NA,0.00286029039658294,6,8,"Forest_disc_DIR200","derma"
34,7,1.32916515904885e-05,46.4,22.1,52.7,22.1,22.1,22.3,22.8,NA,NA,NA,0.1667,0.1667,0.1667,0.1667,0.1667,0.1255,0.0432,NA,NA,NA,0.0132916515904885,5,8,"Forest_disc_DIR200","derma"
34,8,5.97379857410452e-05,38.7,23.2,23.2,56.7,23.2,21.7,23.2,23.2,NA,NA,0.1687,0.1681,0.1668,0.166,0.1653,0.0559,0.0556,0.0541,NA,NA,0.00597379857410452,4,8,"Forest_disc_DIR200","derma"
34,9,0.00155855464801959,60.3,23.2,23.2,23.2,23.2,23.2,23.2,23.2,23.2,NA,0.1728,0.1661,0.1625,0.1621,0.1296,0.0569,0.0555,0.0537,0.0514,NA,0.00155855464801959,2,8,"Forest_disc_DIR200","derma"
34,10,0.00173835262389923,61,23.2,23.2,23.2,23.2,23.2,23.2,23.2,23.2,23.2,0.1701,0.1666,0.1665,0.1623,0.0921,0.0674,0.0556,0.0555,0.0555,0.0185,0.00173835262389923,2,8,"Forest_disc_DIR200","derma"
34,2,1.10758756088996e-06,18.9,52.5,NA,NA,NA,NA,NA,NA,NA,NA,0.6167,0.3833,NA,NA,NA,NA,NA,NA,NA,NA,1.10758756088996e-06,2,9,"Forest_disc_NLD50","derma"
34,3,2.51962087279778e-30,36.2,14.2,58.7,NA,NA,NA,NA,NA,NA,NA,0.4124,0.3959,0.1917,NA,NA,NA,NA,NA,NA,NA,2.51962087279778e-29,3,9,"Forest_disc_NLD50","derma"
34,4,2.09401789188107e-30,15.6,41.9,44.2,64.8,NA,NA,NA,NA,NA,NA,0.4722,0.2648,0.1802,0.0828,NA,NA,NA,NA,NA,NA,2.09401789188107e-28,4,9,"Forest_disc_NLD50","derma"
34,5,5.81663610506766e-30,26.9,55.9,19.6,7.6,35.7,NA,NA,NA,NA,NA,0.2802,0.2699,0.2094,0.1249,0.1156,NA,NA,NA,NA,NA,5.81663610506766e-27,5,9,"Forest_disc_NLD50","derma"
34,6,5.45963058245436e-30,26,55.1,7.6,19.6,7.9,7.7,NA,NA,NA,NA,0.5167,0.2986,0.1221,0.0416,0.014,0.0069,NA,NA,NA,NA,5.45963058245437e-26,6,9,"Forest_disc_NLD50","derma"
34,7,3.36864819500618e-29,13.3,39.3,24.4,42.8,59.8,61.4,50,NA,NA,NA,0.3218,0.2095,0.1857,0.121,0.0817,0.0589,0.0214,NA,NA,NA,3.36864819500618e-24,7,9,"Forest_disc_NLD50","derma"
34,8,3.74935744581999e-09,23.8,9.1,44.3,47.9,59.1,53.5,59.3,39.8,NA,NA,0.4632,0.1592,0.0806,0.079,0.0722,0.0613,0.053,0.0316,NA,NA,0.00374935744581999,8,9,"Forest_disc_NLD50","derma"
34,9,3.32863910049617e-30,24,9.8,59,40.9,48.5,34.9,46.7,55.2,58.8,NA,0.4043,0.1842,0.1316,0.0853,0.078,0.0492,0.0289,0.0278,0.0108,NA,3.32863910049617e-23,9,9,"Forest_disc_NLD50","derma"
34,10,5.89553634351425e-30,15.4,57.6,28.3,8.3,31.8,40.6,23.3,32.9,44.8,17.6,0.2137,0.2094,0.1171,0.0883,0.0845,0.0819,0.0755,0.0736,0.0447,0.0114,5.89553634351425e-22,10,9,"Forest_disc_NLD50","derma"
34,2,4.40318221736265e-07,20.8,49,NA,NA,NA,NA,NA,NA,NA,NA,0.5676,0.4324,NA,NA,NA,NA,NA,NA,NA,NA,4.40318221736265e-07,2,9,"Forest_disc_NLD100","derma"
34,3,7.83252588076462e-30,29.2,52.1,12,NA,NA,NA,NA,NA,NA,NA,0.5174,0.3012,0.1814,NA,NA,NA,NA,NA,NA,NA,7.83252588076462e-29,3,9,"Forest_disc_NLD100","derma"
34,4,3.30043358942774e-29,38.1,16.5,54.7,58.6,NA,NA,NA,NA,NA,NA,0.4773,0.367,0.0928,0.0629,NA,NA,NA,NA,NA,NA,3.30043358942774e-27,4,9,"Forest_disc_NLD100","derma"
34,5,8.20673127004078e-30,29.5,14.8,43.3,47.7,59.4,NA,NA,NA,NA,NA,0.3252,0.2699,0.1803,0.1485,0.0761,NA,NA,NA,NA,NA,8.20673127004078e-27,5,9,"Forest_disc_NLD100","derma"
34,6,2.09038455693681e-08,16,33,47.8,29.3,56.5,43.4,NA,NA,NA,NA,0.3141,0.1875,0.1567,0.1417,0.1099,0.0903,NA,NA,NA,NA,0.000209038455693681,6,9,"Forest_disc_NLD100","derma"
34,7,1.46495015123308e-30,15.9,44.6,33.3,58.2,40.7,31.1,28.2,NA,NA,NA,0.3278,0.1941,0.171,0.1071,0.1061,0.0805,0.0133,NA,NA,NA,1.46495015123308e-25,7,9,"Forest_disc_NLD100","derma"
34,8,9.47324181935361e-22,25.6,26.3,11.8,41,52.8,49.2,30.2,66,NA,NA,0.2179,0.1901,0.1555,0.1513,0.1423,0.114,0.0184,0.0106,NA,NA,9.47324181935361e-16,8,9,"Forest_disc_NLD100","derma"
34,9,1.50670656665153e-08,17.4,39.3,50.8,44.9,29.1,62.1,61.6,59.6,57,NA,0.4013,0.3468,0.1281,0.0416,0.0324,0.0223,0.0121,0.0118,0.0035,NA,0.150670656665153,9,9,"Forest_disc_NLD100","derma"
34,10,5.7051192877276e-24,41.2,17.6,62,58.1,11.6,54.3,59.6,45.9,65.8,59.6,0.5026,0.3995,0.0487,0.0313,0.0133,0.004,4e-04,2e-04,1e-04,0,5.7051192877276e-17,9,9,"Forest_disc_NLD100","derma"
34,2,6.11876261509901e-07,20.1,49.7,NA,NA,NA,NA,NA,NA,NA,NA,0.6011,0.3988,NA,NA,NA,NA,NA,NA,NA,NA,6.11876261509901e-07,2,9,"Forest_disc_NLD200","derma"
34,3,6.7039589181505e-31,27.3,52.7,10,NA,NA,NA,NA,NA,NA,NA,0.5538,0.2886,0.1576,NA,NA,NA,NA,NA,NA,NA,6.7039589181505e-30,3,9,"Forest_disc_NLD200","derma"
34,4,1.20001906076913e-30,37.8,15.9,59,48.7,NA,NA,NA,NA,NA,NA,0.4469,0.3996,0.1129,0.0407,NA,NA,NA,NA,NA,NA,1.20001906076913e-28,4,9,"Forest_disc_NLD200","derma"
34,5,8.13611144495489e-31,39.7,14,25,46.3,59.5,NA,NA,NA,NA,NA,0.2804,0.2701,0.2405,0.1113,0.0977,NA,NA,NA,NA,NA,8.13611144495489e-28,5,9,"Forest_disc_NLD200","derma"
34,6,3.40222620820723e-07,19,40.5,54.2,48.9,41.4,21.5,NA,NA,NA,NA,0.539,0.1622,0.1487,0.1085,0.0401,0.0014,NA,NA,NA,NA,0.00340222620820723,6,9,"Forest_disc_NLD200","derma"
34,7,2.5653246929755e-07,26.2,15.2,50.7,50.4,54.5,46,57.3,NA,NA,NA,0.3902,0.2591,0.1148,0.0835,0.0767,0.0727,0.0031,NA,NA,NA,0.025653246929755,7,9,"Forest_disc_NLD200","derma"
34,8,7.67268775547113e-24,13,25.7,57.3,27.1,44.5,34.5,45.5,31.5,NA,NA,0.2399,0.1578,0.1283,0.1199,0.1182,0.0873,0.0831,0.0655,NA,NA,7.67268775547113e-18,8,9,"Forest_disc_NLD200","derma"
34,9,4.44142937447129e-31,23.6,42.3,11.1,40.1,54.9,57.7,7.5,24,39,NA,0.3976,0.1671,0.1219,0.1163,0.0795,0.0756,0.021,0.019,0.0021,NA,4.44142937447129e-24,9,9,"Forest_disc_NLD200","derma"
34,10,5.15104184066827e-30,35.8,14.8,55.4,27.3,48.1,59.9,45.7,57.1,28.3,58,0.3672,0.3357,0.086,0.0638,0.0365,0.0265,0.0264,0.0209,0.0209,0.0162,5.15104184066827e-22,10,9,"Forest_disc_NLD200","derma"
34,2,4.79091259121689e-06,23.1,50.6,NA,NA,NA,NA,NA,NA,NA,NA,0.6852,0.3148,NA,NA,NA,NA,NA,NA,NA,NA,4.79091259121689e-06,2,9,"Forest_disc_DIR50","derma"
34,3,3.62857114657914e-05,25.2,55.5,29.7,NA,NA,NA,NA,NA,NA,NA,0.6783,0.2037,0.1173,NA,NA,NA,NA,NA,NA,NA,0.000362857114657914,3,9,"Forest_disc_DIR50","derma"
34,4,7.2420556838138e-07,19.9,54.4,38.3,37.9,NA,NA,NA,NA,NA,NA,0.4999,0.1667,0.1667,0.1667,NA,NA,NA,NA,NA,NA,7.2420556838138e-05,4,9,"Forest_disc_DIR50","derma"
34,5,4.84681502989709e-05,43.9,12.8,20.3,15.6,46.6,NA,NA,NA,NA,NA,0.4947,0.1706,0.1498,0.1297,0.0555,NA,NA,NA,NA,NA,0.0484681502989709,5,9,"Forest_disc_DIR50","derma"
34,6,2.09520406892972e-05,56.4,38.2,21.4,21.4,26.1,27.3,NA,NA,NA,NA,0.1667,0.1667,0.1667,0.1667,0.1667,0.1667,NA,NA,NA,NA,0.0209520406892972,5,9,"Forest_disc_DIR50","derma"
34,7,0.000272166659935077,27.7,25.5,59.6,25.5,25.5,21.3,27.7,NA,NA,NA,0.171,0.167,0.1665,0.1664,0.1627,0.1139,0.0558,NA,NA,NA,0.0272166659935077,4,9,"Forest_disc_DIR50","derma"
34,8,7.38326899189371e-05,27.4,40.3,21,27.4,27.6,63.9,27.6,27.7,NA,NA,0.1668,0.1667,0.1666,0.1662,0.1297,0.0924,0.0556,0.0555,NA,NA,0.738326899189371,6,9,"Forest_disc_DIR50","derma"
34,9,0.000222598164121561,27.7,27.7,27.7,27.7,27.7,65.3,27.7,27.7,27.7,NA,0.1667,0.1665,0.1663,0.1624,0.1292,0.1055,0.0432,0.0432,0.0185,NA,0.000222598164121561,2,9,"Forest_disc_DIR50","derma"
34,10,0.000198059342304851,27,27,24.8,59.6,24.8,26.2,26.2,24.8,25.5,24.8,0.1683,0.1672,0.1666,0.1646,0.0609,0.0559,0.0556,0.0555,0.0555,0.0515,0.198059342304851,5,9,"Forest_disc_DIR50","derma"
34,2,1.03266313789952e-06,21.3,52.9,NA,NA,NA,NA,NA,NA,NA,NA,0.6001,0.3999,NA,NA,NA,NA,NA,NA,NA,NA,1.03266313789952e-06,2,9,"Forest_disc_DIR100","derma"
34,3,1.14886926129096e-06,17,40.7,59.4,NA,NA,NA,NA,NA,NA,NA,0.4198,0.4136,0.1667,NA,NA,NA,NA,NA,NA,NA,1.14886926129096e-05,3,9,"Forest_disc_DIR100","derma"
34,4,5.24137778762942e-07,19.6,37.2,57.1,50.5,NA,NA,NA,NA,NA,NA,0.5,0.1667,0.1667,0.1667,NA,NA,NA,NA,NA,NA,5.24137778762942e-05,4,9,"Forest_disc_DIR100","derma"
34,5,1.3685887583451e-05,20.6,55.6,53.5,27.7,27.7,NA,NA,NA,NA,NA,0.4586,0.1791,0.171,0.1502,0.0417,NA,NA,NA,NA,NA,0.0013685887583451,4,9,"Forest_disc_DIR100","derma"
34,6,3.20908917212433e-06,23.5,15.5,38.6,56.4,50.7,18.4,NA,NA,NA,NA,0.1671,0.1671,0.1667,0.1667,0.1665,0.1661,NA,NA,NA,NA,0.0320908917212433,6,9,"Forest_disc_DIR100","derma"
34,7,1.42619453580279e-05,54.2,56.1,27.5,20.3,21.3,24.6,21.3,NA,NA,NA,0.1673,0.1671,0.1663,0.1661,0.1495,0.1289,0.055,NA,NA,NA,0.142619453580279,6,9,"Forest_disc_DIR100","derma"
34,8,0.000275754684636632,27.7,65.1,27.7,27.7,27.7,27.7,27.7,27.7,NA,NA,0.1709,0.1677,0.1653,0.1544,0.1284,0.1046,0.0556,0.0543,NA,NA,0.000275754684636632,2,9,"Forest_disc_DIR100","derma"
34,9,0.000295375515863388,27.7,65.3,27.7,27.7,27.7,27.7,27.7,27.7,27.7,NA,0.1668,0.1653,0.1648,0.1626,0.1173,0.0569,0.0569,0.0556,0.0555,NA,0.000295375515863388,2,9,"Forest_disc_DIR100","derma"
34,10,8.81844013625143e-05,27.4,46.8,27,65.9,25.5,27.1,14.2,27,27.6,27,0.2599,0.1831,0.1543,0.1107,0.0911,0.055,0.0453,0.0427,0.0298,0.0266,88.1844013625143,8,9,"Forest_disc_DIR100","derma"
34,2,1.59999510095635e-06,21,50.8,NA,NA,NA,NA,NA,NA,NA,NA,0.6249,0.3751,NA,NA,NA,NA,NA,NA,NA,NA,1.59999510095635e-06,2,9,"Forest_disc_DIR200","derma"
34,3,1.39371948488296e-06,35.9,14.5,59.2,NA,NA,NA,NA,NA,NA,NA,0.5292,0.329,0.1419,NA,NA,NA,NA,NA,NA,NA,1.39371948488296e-05,3,9,"Forest_disc_DIR200","derma"
34,4,2.33261697220185e-05,36.6,15,11.1,56.4,NA,NA,NA,NA,NA,NA,0.4999,0.167,0.1667,0.1665,NA,NA,NA,NA,NA,NA,0.00233261697220185,4,9,"Forest_disc_DIR200","derma"
34,5,0.00153772124317605,39.3,46.5,20.5,20.5,20.5,NA,NA,NA,NA,NA,0.3388,0.2716,0.1811,0.1326,0.0681,NA,NA,NA,NA,NA,0.0153772124317605,3,9,"Forest_disc_DIR200","derma"
34,6,1.09042786483962e-06,16.1,19.4,21.2,43.2,56.3,36.6,NA,NA,NA,NA,0.1667,0.1667,0.1667,0.1667,0.1667,0.1667,NA,NA,NA,NA,0.0109042786483962,6,9,"Forest_disc_DIR200","derma"
34,7,3.66530859974077e-05,32.8,20.5,58.8,24.8,24.8,24.8,45.5,NA,NA,NA,0.1706,0.1674,0.1666,0.1664,0.1302,0.1299,0.0677,NA,NA,NA,0.0366530859974077,5,9,"Forest_disc_DIR200","derma"
34,8,0.000124289810278833,27,26.3,26.3,26.3,61.7,26.3,27,26.3,NA,NA,0.1668,0.1667,0.1666,0.1666,0.166,0.0559,0.0558,0.0558,NA,NA,0.00124289810278833,3,9,"Forest_disc_DIR200","derma"
34,9,5.83687297527935e-05,26.3,27,60.2,24.1,26.8,27,44.2,19.8,24.8,NA,0.168,0.1667,0.1653,0.1625,0.1294,0.0574,0.0572,0.054,0.0391,NA,58.3687297527935,8,9,"Forest_disc_DIR200","derma"
34,10,0.00108763628724308,27,27,27,66,27,27,27,27,27,27,0.2776,0.2037,0.1282,0.1111,0.0556,0.0551,0.0512,0.0432,0.042,0.0414,0.00108763628724308,2,9,"Forest_disc_DIR200","derma"
34,2,0.00012943707904525,41.9,11.5,NA,NA,NA,NA,NA,NA,NA,NA,0.6014,0.3992,NA,NA,NA,NA,NA,NA,NA,NA,0.00012943707904525,2,10,"Forest_disc_NLD50","derma"
34,3,6.76323610506097e-30,29.1,12.9,51.3,NA,NA,NA,NA,NA,NA,NA,0.5223,0.2505,0.2273,NA,NA,NA,NA,NA,NA,NA,6.76323610506097e-29,3,10,"Forest_disc_NLD50","derma"
34,4,1.73924970167713e-19,28.7,12.7,51.2,29.4,NA,NA,NA,NA,NA,NA,0.4955,0.2403,0.2314,0.0328,NA,NA,NA,NA,NA,NA,1.73924970167713e-17,4,10,"Forest_disc_NLD50","derma"
34,5,1.2294447536917e-29,24.3,40.2,11.6,53.2,31.3,NA,NA,NA,NA,NA,0.3937,0.1829,0.1776,0.1567,0.089,NA,NA,NA,NA,NA,1.2294447536917e-26,5,10,"Forest_disc_NLD50","derma"
34,6,4.0095635547773e-30,28.1,12.8,52.5,44.9,61.1,42.5,NA,NA,NA,NA,0.4935,0.2396,0.1479,0.1122,0.004,0.0028,NA,NA,NA,NA,4.00956355477729e-26,6,10,"Forest_disc_NLD50","derma"
34,7,1.96998043068266e-31,27.8,12.2,49.5,53.5,45.4,32.7,21.6,NA,NA,NA,0.5069,0.2173,0.1246,0.0848,0.0446,0.0143,0.0076,NA,NA,NA,1.96998043068266e-26,7,10,"Forest_disc_NLD50","derma"
34,8,1.71157785438421e-09,13.8,31.8,24.7,39.9,52.9,25.4,56.2,33.7,NA,NA,0.2695,0.2109,0.1587,0.1511,0.1397,0.0524,0.0177,1e-04,NA,NA,0.00171157785438421,8,10,"Forest_disc_NLD50","derma"
34,9,1.60337864695967e-30,27.1,51.3,34.6,12.1,11.7,13.1,11.6,25,12.2,NA,0.4316,0.2262,0.1002,0.0541,0.0471,0.0429,0.0406,0.0293,0.0279,NA,1.60337864695967e-23,9,10,"Forest_disc_NLD50","derma"
34,10,2.44984737504062e-08,16.6,34.3,37.6,50.5,49.3,58.7,40.1,44.4,57.5,30,0.4344,0.2754,0.0812,0.0633,0.0434,0.0369,0.0292,0.0275,0.0086,0,0.244984737504062,9,10,"Forest_disc_NLD50","derma"
34,2,6.67492803355668e-07,20.2,48,NA,NA,NA,NA,NA,NA,NA,NA,0.6436,0.3564,NA,NA,NA,NA,NA,NA,NA,NA,6.67492803355668e-07,2,10,"Forest_disc_NLD100","derma"
34,3,2.59646110073928e-29,29.3,13.8,51.9,NA,NA,NA,NA,NA,NA,NA,0.4997,0.2768,0.2236,NA,NA,NA,NA,NA,NA,NA,2.59646110073928e-28,3,10,"Forest_disc_NLD100","derma"
34,4,1.97841123699261e-31,31.8,15,52.9,29.7,NA,NA,NA,NA,NA,NA,0.4412,0.3439,0.1939,0.021,NA,NA,NA,NA,NA,NA,1.97841123699261e-29,4,10,"Forest_disc_NLD100","derma"
34,5,1.0378465789425e-31,25.9,50.7,10.5,11.1,8.9,NA,NA,NA,NA,NA,0.5848,0.2615,0.0836,0.0598,0.0104,NA,NA,NA,NA,NA,1.0378465789425e-28,5,10,"Forest_disc_NLD100","derma"
34,6,5.07396627952956e-29,26.2,50.8,9.2,14.5,21,13.7,NA,NA,NA,NA,0.5555,0.2608,0.0915,0.0637,0.0149,0.0136,NA,NA,NA,NA,5.07396627952956e-25,6,10,"Forest_disc_NLD100","derma"
34,7,6.16677725364468e-08,16.7,52.4,30.6,35.8,31.8,39.4,30,NA,NA,NA,0.4194,0.1934,0.127,0.1013,0.0789,0.0516,0.0284,NA,NA,NA,0.00616677725364468,7,10,"Forest_disc_NLD100","derma"
34,8,1.72893067215367e-08,15.7,45.5,26.6,26.6,37.2,58.5,39.7,23.1,NA,NA,0.3451,0.2083,0.152,0.1113,0.0941,0.0595,0.0297,0,NA,NA,0.000172893067215367,6,10,"Forest_disc_NLD100","derma"
34,9,8.84262251523343e-30,28.9,14.4,38.2,35.8,20.8,53.2,55.2,46.4,53.8,NA,0.3019,0.2836,0.0867,0.0758,0.0618,0.0604,0.0497,0.0426,0.0375,NA,8.84262251523343e-23,9,10,"Forest_disc_NLD100","derma"
34,10,1.6304326509818e-07,50.2,22.6,16.5,30.7,15.5,25.9,27.1,14.1,35.2,17.6,0.2672,0.156,0.1092,0.1043,0.0968,0.0732,0.0627,0.0562,0.0531,0.0213,16.304326509818,10,10,"Forest_disc_NLD100","derma"
34,2,5.32181498266577e-07,21.5,52.3,NA,NA,NA,NA,NA,NA,NA,NA,0.6418,0.3582,NA,NA,NA,NA,NA,NA,NA,NA,5.32181498266577e-07,2,10,"Forest_disc_NLD200","derma"
34,3,1.6237464230727e-29,35.4,16.7,57.7,NA,NA,NA,NA,NA,NA,NA,0.4234,0.3839,0.1927,NA,NA,NA,NA,NA,NA,NA,1.6237464230727e-28,3,10,"Forest_disc_NLD200","derma"
34,4,3.44880750092726e-33,34,16.3,57.4,44.9,NA,NA,NA,NA,NA,NA,0.419,0.3598,0.1974,0.0238,NA,NA,NA,NA,NA,NA,3.44880750092726e-31,4,10,"Forest_disc_NLD200","derma"
34,5,4.60963114772137e-11,29,15.9,48.3,63.9,45.8,NA,NA,NA,NA,NA,0.3433,0.3132,0.2818,0.0614,3e-04,NA,NA,NA,NA,NA,4.60963114772137e-08,5,10,"Forest_disc_NLD200","derma"
34,6,2.73395918213768e-10,14.9,32.6,24,58,45.5,36.3,NA,NA,NA,NA,0.2506,0.1984,0.1902,0.1708,0.1025,0.0875,NA,NA,NA,NA,2.73395918213768e-06,6,10,"Forest_disc_NLD200","derma"
34,7,3.3011456977403e-08,21,56.3,33.5,33,52.3,11.4,52.6,NA,NA,NA,0.3736,0.1671,0.1558,0.1212,0.0967,0.0855,1e-04,NA,NA,NA,0.0033011456977403,7,10,"Forest_disc_NLD200","derma"
34,8,1.76197057754476e-11,17.6,41.7,43.4,25.4,40.5,51.6,64.6,29.8,NA,NA,0.4084,0.138,0.1346,0.1046,0.076,0.0744,0.0639,3e-04,NA,NA,1.76197057754476e-05,8,10,"Forest_disc_NLD200","derma"
34,9,4.83574920091573e-31,27.3,55.1,32.9,11.8,11.3,27.4,11,12.8,18.4,NA,0.4764,0.2675,0.0522,0.0513,0.0467,0.0416,0.0382,0.022,0.0041,NA,4.83574920091573e-24,9,10,"Forest_disc_NLD200","derma"
34,10,1.04754197889316e-30,18.4,46.3,40.4,44.9,43.3,65.1,44.7,40.2,22.2,65.5,0.4746,0.1167,0.1134,0.0681,0.0607,0.0577,0.0403,0.0394,0.0216,0.0075,1.04754197889316e-22,10,10,"Forest_disc_NLD200","derma"
34,2,6.89633810106509e-06,19.3,50.3,NA,NA,NA,NA,NA,NA,NA,NA,0.6173,0.3828,NA,NA,NA,NA,NA,NA,NA,NA,6.89633810106509e-06,2,10,"Forest_disc_DIR50","derma"
34,3,6.04473343702439e-06,30.6,11.5,59.2,NA,NA,NA,NA,NA,NA,NA,0.6221,0.211,0.1667,NA,NA,NA,NA,NA,NA,NA,6.04473343702439e-05,3,10,"Forest_disc_DIR50","derma"
34,4,5.12940411757102e-07,22.1,52.6,51.3,17.3,NA,NA,NA,NA,NA,NA,0.5,0.1667,0.1667,0.1666,NA,NA,NA,NA,NA,NA,5.12940411757102e-05,4,10,"Forest_disc_DIR50","derma"
34,5,0.00177015679111449,42.7,11.6,42.7,22.9,44.5,NA,NA,NA,NA,NA,0.4218,0.216,0.1667,0.1543,0.0309,NA,NA,NA,NA,NA,0.177015679111449,4,10,"Forest_disc_DIR50","derma"
34,6,1.81641479149544e-07,53.7,11.5,24.5,25.9,27.9,24.5,NA,NA,NA,NA,0.2778,0.1667,0.1667,0.1667,0.1666,0.0556,NA,NA,NA,NA,0.000181641479149544,5,10,"Forest_disc_DIR50","derma"
34,7,2.57998385485511e-05,26.3,22.6,58.6,20.8,41.9,20.8,15.2,NA,NA,NA,0.1674,0.1667,0.1664,0.1647,0.1559,0.1293,0.0495,NA,NA,NA,0.257998385485511,6,10,"Forest_disc_DIR50","derma"
34,8,5.52692875024041e-06,36.5,25.4,11.5,25.4,58.7,26.3,26.3,38.2,NA,NA,0.1667,0.1667,0.1667,0.1667,0.1666,0.0555,0.0555,0.0554,NA,NA,0.0552692875024041,6,10,"Forest_disc_DIR50","derma"
34,9,8.12484797744625e-05,27.8,60.3,28.2,28,16.4,27.8,27.8,27.8,28.2,NA,0.1707,0.1669,0.1666,0.1666,0.1556,0.0556,0.0554,0.0432,0.0184,NA,0.0812484797744625,5,10,"Forest_disc_DIR50","derma"
34,10,0.000160672010761041,28.2,60.3,17.1,28,28,17.1,28.2,28,17.1,17.1,0.2785,0.177,0.1152,0.0942,0.0933,0.0672,0.0562,0.0562,0.0444,0.0192,0.0160672010761041,4,10,"Forest_disc_DIR50","derma"
34,2,6.3745834210455e-07,21.7,54.5,NA,NA,NA,NA,NA,NA,NA,NA,0.6072,0.3928,NA,NA,NA,NA,NA,NA,NA,NA,6.3745834210455e-07,2,10,"Forest_disc_DIR100","derma"
34,3,0.000102193742810727,27.4,63.9,57,NA,NA,NA,NA,NA,NA,NA,0.7792,0.1558,0.0643,NA,NA,NA,NA,NA,NA,NA,0.00102193742810727,3,10,"Forest_disc_DIR100","derma"
34,4,7.80384533461425e-07,19.4,50.8,39.6,58.9,NA,NA,NA,NA,NA,NA,0.5,0.1667,0.1667,0.1667,NA,NA,NA,NA,NA,NA,7.80384533461425e-05,4,10,"Forest_disc_DIR100","derma"
34,5,4.26719859874362e-06,21,54.8,57,24.8,27.7,NA,NA,NA,NA,NA,0.3766,0.1808,0.1708,0.1543,0.1173,NA,NA,NA,NA,NA,0.00426719859874362,5,10,"Forest_disc_DIR100","derma"
34,6,5.81292279848907e-06,11.8,22.5,24.7,58.5,38.1,51.5,NA,NA,NA,NA,0.1669,0.1667,0.1667,0.1666,0.1666,0.1665,NA,NA,NA,NA,0.0581292279848907,6,10,"Forest_disc_DIR100","derma"
34,7,0.000221082509687701,66.5,28.3,28.3,28.3,28.3,28.3,28.3,NA,NA,NA,0.168,0.1666,0.1666,0.1653,0.1529,0.1255,0.0554,NA,NA,NA,0.000221082509687701,2,10,"Forest_disc_DIR100","derma"
34,8,9.99246215505409e-05,28.3,63.6,28.3,26.1,25.8,27.5,26.9,57,NA,NA,0.1667,0.1667,0.1667,0.1666,0.1665,0.0555,0.0554,0.0553,NA,NA,9.99246215505409,7,10,"Forest_disc_DIR100","derma"
34,9,9.93829233382461e-05,28.3,64.3,28.3,15.1,28.3,28.3,46.9,47.5,28.3,NA,0.1662,0.166,0.1623,0.1523,0.1302,0.0569,0.0562,0.0558,0.0557,NA,0.0993829233382461,5,10,"Forest_disc_DIR100","derma"
34,10,0.000151398284033428,48.1,26.9,26.9,68,21.7,26.1,27.6,26.1,26.1,26.1,0.2401,0.1671,0.1628,0.0932,0.0576,0.0558,0.0553,0.0552,0.0552,0.0543,1.51398284033428,6,10,"Forest_disc_DIR100","derma"
34,2,2.07142472975718e-05,17.5,48.2,NA,NA,NA,NA,NA,NA,NA,NA,0.5535,0.4465,NA,NA,NA,NA,NA,NA,NA,NA,2.07142472975718e-05,2,10,"Forest_disc_DIR200","derma"
34,3,3.48727653908473e-05,30.3,14.5,58.9,NA,NA,NA,NA,NA,NA,NA,0.6107,0.2215,0.1667,NA,NA,NA,NA,NA,NA,NA,0.000348727653908473,3,10,"Forest_disc_DIR200","derma"
34,4,7.23525321321227e-07,24.9,54.4,47.4,11.2,NA,NA,NA,NA,NA,NA,0.5002,0.1667,0.1666,0.1666,NA,NA,NA,NA,NA,NA,7.23525321321227e-05,4,10,"Forest_disc_DIR200","derma"
34,5,2.95646974157666e-05,20.5,53.2,50.5,20.5,26.5,NA,NA,NA,NA,NA,0.4993,0.1674,0.1674,0.1495,0.018,NA,NA,NA,NA,NA,0.00295646974157666,4,10,"Forest_disc_DIR200","derma"
34,6,4.65392418500669e-05,54.2,11.1,33.9,43.3,32.5,11.8,NA,NA,NA,NA,0.1667,0.1667,0.1667,0.1667,0.1667,0.1667,NA,NA,NA,NA,0.465392418500669,6,10,"Forest_disc_DIR200","derma"
34,7,7.16501104595472e-05,35.8,59.3,24.1,24.1,26.3,17.8,26.3,NA,NA,NA,0.168,0.1669,0.1666,0.1666,0.162,0.1213,0.0475,NA,NA,NA,0.0716501104595472,5,10,"Forest_disc_DIR200","derma"
34,8,3.28484055532893e-07,17.7,51.3,25.5,51.5,25.7,14.3,14.2,19.8,NA,NA,0.1667,0.1667,0.1667,0.1667,0.1667,0.0556,0.0556,0.0556,NA,NA,0.328484055532893,8,10,"Forest_disc_DIR200","derma"
34,9,0.000178775852082305,26.5,24.5,26.5,61.6,26.5,26.5,26.5,26.5,26.5,NA,0.1666,0.1666,0.1661,0.155,0.1297,0.0554,0.0551,0.0542,0.0508,NA,0.00178775852082305,3,10,"Forest_disc_DIR200","derma"
34,10,0.000127986485170821,40.7,56.5,14.5,26.5,26.5,14.5,14.5,14.5,13.2,14.5,0.2908,0.1664,0.1578,0.07,0.0681,0.0552,0.0549,0.0549,0.0425,0.0418,0.127986485170821,5,10,"Forest_disc_DIR200","derma"
